Breed,Group,Portrait Image,Landscape Image,Size,Lifespan,Height,Weight,Friendliness,Family Friendly,Child Friendly,Pet Friendly,Stranger Friendly,Easy to Groom,Energy Levels,Exercise,Health,Shedding Amout,Barks / Howls,Easy to Train,Guard Dog,Playfulness,Watch dog,Apartment Dog,Can be Alone,Good for Busy Owners,Good for New Owners,Intelligence,Health Concerns,Short Description,Long Description
Affenpinscher,Toy,,,,11 - 14 yrs.,9½ - 11½ in.,6½ - 13¼ lbs,60,95,20,80,66,100,67,25,80,25,63,40,50,80,90,95,20,20,84,70,,"Everything about the Affenpinscher dog breed. Discover Affenpinscher coloring, sizing, traits, lifespan, and compare Affenpinschers to other dog breeds.","Affenpinschers are charming toy dogs full of feistiness and energy. The affen's unkempt appearance and fearless attitude have given the dog many nicknames. Two of the most popular are ""Monkey Dog"" (which is affenpinscher directly translated from German) and ""Mustached Little Devil"" or ""Diablotin Moustachu"" in French. Originally bred to be a smaller ratting dog (whose job is to rid homes of mice), they became sought after by women as the breed's average size decreased. Eventually the breed's intelligence and charm made t..."
Afghan Hound,Hound,,,,10 - 12 yrs.,24 - 29 in.,45 - 60 lbs,80,90,90,80,31,67,67,50,60,25,13,20,10,80,20,95,35,35,63,70,,"Everything about the Afghan Hound dog breed. Discover Afghan Hound coloring, sizing, traits, lifespan, and compare Afghan Hounds to other dog breeds.","This breed has an aristocratic personality and expects to be catered to whenever they wish. They are agile runners and jumpers, and they do best with spacious houses that have acreage. Those interested in owning an Afghan Hound should be ready very patient and have an excellent understanding of what it means to be a pack leader. Afghan Hounds are large-sized dogs, with a height that ranges between 24 to 29 inches, and a weight that ranges between 45 to 60 pounds. They are tall dogs with a lean weight, and they have a li..."
Airedale Terrier,Terrier,,,,10 - 13 yrs.,22 - 24 in.,50 - 65 lbs,80,80,80,80,66,100,83,88,60,25,75,85,10,95,10,20,40,40,42,100,"Excellent work ethic, Good-natured and playful, Adapts well to warm or cool climates, Good watchdog abilities, Low to moderate barking tendency, Easily trained, Good health, Excels in agility and sporting competitions, Very intelligent, Socializes well with kids and other pets","Everything about the Airedale Terrier dog breed. Discover Airedale Terrier coloring, sizing, traits, lifespan, and compare Airedale Terrier to other dog breeds","They are playful and do best if allowed to participate in all family activities; they should not be left alone or in small, confined areas for long periods of time. They need moderate exercise and are considered high maintenance in regards to grooming. Most owners would agree that members of this breed are highly trainable and pick up on tasks during the first attempts. Generally healthy dogs, the Airedale should live 10-13 years. The Airedale Terrier is a member of the Terrier group of breeds, and was originally develo..."
Akita,Utility,,,,10 - 12 yrs.,24 - 28 in.,70 - 130 lbs,35,90,15,15,48,67,33,50,80,50,25,40,80,95,50,40,15,15,42,60,"Courageous and loyal, Very intelligent, Unparalleled guard dog skills, Affectionate and playful with family members, Good work ethic, Low to moderate barking tendencies, Adapts well to cold climates, Extremely clean and self-maintaining","Everything about the Akita dog breed. Discover Akita coloring, sizing, traits, lifespan, and compare Akitas to other dog breeds.","The akita is known for their stubbornness, so they may not be the best choice for a first time dog owner. They make a good family dog, but can be aggressive towards other dogs (especially if they are the same sex). The Akita is a member of the Working group of breeds, and has been utilized as a guard dog and large-game hunter for centuries. These powerful, protective dogs are quite affectionate with and loyal to their families--and suspicious of (and often dangerously aggressive towards) everybody else. As such, Akitas ..."
Alaskan Malamute,Working,,,,12 - 15 yrs.,23 - 25 in.,80 - 100 lbs,85,85,60,40,92,67,67,75,80,50,75,80,20,95,10,20,20,20,21,70,"Extremely intelligent, High tolerance to cold, Very friendly with people, Excellent for active lifestyles","Everything about the Alaskan Malamute dog breed. Discover Alaskan Malamute coloring, sizing, traits, lifespan, and compare Alaskan Malamutes to other dogs.","Alaskan Malamutes are considered to be independent thinkers, so they can be stubborn when it comes to training. The breed has a high prey drive and a lot of energy, so it is recommended to socialize them at a young age and give them ample exercise to keep their mischievousness under control. For centuries and perhaps even millennia, the Alaskan Malamute was a sled dog who also helped to locate food and be a hunter alongside humans. These days, they remain in that capacity but only in certain regions. In many places, the..."
Anatolian Shepherd Dog,Pastoral,,,,11 - 13 yrs.,26 - 30 in.,110 - 150 lbs,40,60,40,40,31,100,33,50,60,75,63,80,90,60,90,20,60,60,42,80,"Terrific guard dog skills, Intelligent and intuitive, Affectionate and loyal to immediate family, Adapts well to both hot and cold temperatures, Easy to groom, Easily tolerates being alone for extended periods, Responds very well to training, Good work ethic, Only moderate exercise required","Anatolian Shepherd Dog information, facts, and high-quality breed pictures. Learn everything about the Anatolian Shepherd Dog dog breed including temperament, care, and more.","The Anatolian Shepherd Dog is a large-sized dog of the Mastiff type that originated in Turkey. Developed thousands of years ago by nomadic tribesmen to be protectors of livestock and property, Anatolian Shepherds are bold, courageous, and often known for their instinct to protect both people and animals. They require moderate maintenance (little grooming or training and moderate exercise), and are considered quite healthy. Overall, dogs of this breed are excellent livestock or property guardians; while they can also be ..."
Austrialian Cattle Dog,Pastoral,,,,12 - 14 yrs.,17 - 20 in.,30 - 50 lbs,80,95,50,80,31,100,67,75,90,25,100,95,30,95,20,40,60,60,11,100,"Sturdy, Very loyal, Bonds strongly, Highly intelligent, Loves agility tasks, Exceedingly active, Superior herding dog, Great at canine sports, Protective of family members","Everything about the Australian Cattle dog breed. Discover Australian Cattle Dog coloring, sizing, traits, lifespan, and compare Blue Heelers to other dogs","Australian Cattle Dogs are a high energy dog breed as well as very intelligent. This combined with their strong desire to complete tasks can make them a challenge for first time dog owners. The breed excels with families that are very active and display leadership qualities which keeps the breed exercised and under control. On average, the Australian cattle dog stands 18 inches tall (from ground to shoulder) and weighs 40 pounds. As a medium sized dog breed, the Australian Cattle Dog may seem a bit small to be able to c..."
Australian Shepherd,Pastoral,,,,12 - 15 yrs.,18 - 23 in.,50 - 65 lbs,81,95,80,10,66,67,83,75,40,50,63,95,20,95,30,20,40,40,42,100,,"Everything about the Australian Shepherd dog breed. Discover Australian Shepherdcoloring, sizing, traits, lifespan, and compare Aussies to other dog breeds.","Like other highly intelligent working dog breeds, Australian shepherds dislike downtime. They are not the dog to sleep on the floor while you watch TV. Instead the breed's instincts make them anxious without tasks to complete or a job to do. Because of this, Australian shepherds need a family that is very active or one that enjoys teaching their aussie tricks as bored or unchallenged Australian shepherds will often find mischievous ways to entertain themselves. Australian shepherds are a medium to large sized dog breed...."
Australian Silky Terrier,Toy,,,,12 - 15 yrs.,9 - 10 in.,8 - 11 lbs,60,80,60,40,66,67,17,50,80,13,75,80,50,80,70,95,60,60,63,70,"Affectionate, Sheds minimally, Intelligent, Good watchdog abilities, Easily trained, Hypoallergenic, Active and inquisitive, Excellent health, Adapts well to apartment life, Great travel companion, Fairly easily groomed","Silky Terrier information, facts, and high-quality breed pictures. Learn everything about the Silky Terrier dog breed including temperament, care, and more.","The Silky Terrier is a member of the Toy category of dog breeds, and was originally developed in Australia to be a companion pet. These spunky little dogs normally have quite domineering personalities, and are best suited for singles or families of any size--but owners will probably need to provide a good deal of training and socialization to instill proper behavior in their Silky Terriers. Some Silky Terrier facts: they're small-sized (weight averages 10 pounds, and height at the shoulders is about 10 inches), with lon..."
Australian Terrier,Terrier,,,,11 - 14 yrs.,9 - 11 in.,14 - 16 lbs,60,80,60,40,66,100,100,88,100,25,88,60,40,95,90,95,40,40,63,90,"Very sturdy, Hypoallergenic, Great guard dog, Few health issues, Doesn't shed much, Low grooming needs, Perfect for highly active people","Australian Terrier information, facts, and high-quality breed pictures. Learn everything about the Australian Terrier dog breed including temperament, care, and more.","The Australian Terrier is a rough-coated, ever-vigilant and too-cute dog that is also one of the smallest Terrier breeds in the world. Despite their lapdog size, they are scrappy even as they are great little show dogs. They have weather-resistant coats that help protect them in tight spots when they are killing rats or hunting snakes. Bred as much for companionship as for ratting and other pest extermination, these dogs are not quite the best for first-time dog owners. Australian Terrier problems tend to come from negl..."
Azawakh,Hound,,,,10 - 12 yrs.,24 - 29 in.,44 - 55 lbs,60,80,40,60,48,100,100,100,60,25,25,60,90,60,90,95,60,60,42,90,"Superior vision, Great guard dogs, Brilliant watchdogs, Remarkably rugged, Extremely beautiful, Very few health problems, High tolerance to extreme heat, Intriguing communication forms, Can excel in certain competitions, Perfect for extremely intense lifestyles, Even in desert heat, can reach running speeds of 32 to 40 mph","Azawakh information, facts, and high-quality breed pictures. Learn everything about the Azawakh dog breed including temperament, care, and more.","The Azawakh is a hunting and guardian dog breed from the West African region. They look like taller, thinner Greyhounds or Whippets. The Fédération Cynologique Internationale formally recognized the breed in 1980, and the United Kennel Club followed suit in 1993. They were placed in the American Kennel Club's Foundation Stock Service in 1997. The Azawakh is a sighthound used for hunting and guardian work. They are without a doubt not for people who have no experience with this breed. For the most part, they are not grea..."
Barbet,Gundog,,,,13 - 15 yrs.,20 - 25 in.,37 - 62 lbs,80,95,80,80,66,50,67,75,80,0,50,80,60,80,70,60,20,20,42,90,"Very calm, Loves water, Low shedder, Easy to train, Hypoallergenic, Somewhat goofy, Very intelligent, Loves to snuggle, Remarkably loyal, Great hunting dogs, Few health problems, Plays well with kids, Excellent therapy dog, Superb water-retrieval, Understands human moods, Loves learning new tricks, Adapts well to new places, Socializes easily with other pets","Barbet information, facts, and high-quality breed pictures. Learn everything about the Barbet dog breed including temperament, care, and more.","The Barbet is a French water dog that has been used for hunting and water retrieval since the 14th century. They are big dogs with thick coats whose playful, energetic and pleasing personality makes them ideal so long as they have a job (preferably hunting) that allows them a lot of daily, thoughtful activity. Above all else, you should understand that these dogs love water so much that the French have given them a nickname, ""être crotté comme un Barbet,"" which means ""extremely muddy."" The AKC placed this breed in its F..."
Basenji,Hound,,,,10 - 12 yrs.,16 - 18 in.,20 - 24 lbs,90,90,90,75,92,100,67,75,40,25,13,5,40,40,70,95,80,80,84,70,"Intelligent, Affectionate and playful with loved ones, Extremely low barking tendencies, Socializes well with other dogs, Good for apartment living, Low grooming requirements, Will tolerate being left alone, Good watchdog abilities, Very clean/self-sufficient","Basenji information, facts, and high-quality breed pictures. Learn everything about the Basenji dog breed including temperament, care, and more.","The Basenji is a medium-sized, short-haired breed native to Africa. Often called the ""Barkless Dog,"" a Basenji normally doesn't bark, but instead produces a series of yodels, yips, and howls. Dogs of this breed have strong hunting instincts, and while affectionate and playful with those they know, they can be quite independent and self-willed. These energetic dogs require moderate maintenance (minimal grooming but frequent exercise), and can be hard to train. Basenjis are best suited for active singles, families with ol..."
Basset Bleu De Gascogne,Hound,,,,12 - 14 yrs.,13 - 17 in.,35 - 40 lbs,85,89,85,93,87,100,33,63,30,75,25,88,60,73,70,30,65,83,85,80,,"Basset Bleu De Gascogne information, facts, and high-quality breed pictures. Learn everything about the Basset Bleu De Gascogne dog breed including temperament, care, and more.","A scent hound whose primary task was to hunt rabbits in the brutal brambles, the Basset Bleu de Gascogne is, nevertheless, a great family dog that is accustomed to being around other dogs, playing with children and the company of people. Ideally this breed should be partnered with a hunter or just a generally active owner that lives somewhere with a large yard (at the very least). The Basset Bleu is a shedder but is otherwise fairly low maintenance. Males and females are alike in size when mature, and when mature they a..."
Basset Fauve De Bretagne,Hound,,,,10 - 14 yrs.,12½ - 15½ in.,27 - 35 lbs,60,57,72,45,59,83,50,75,50,50,88,62,30,63,30,32,90,91,55,70,"Cancer, Epilepsy, Cataracts, Heart disease, Kidney failure, Ear infections, Corneal ulcers, Reproductive problems","Basset Fauve De Bretagne information, facts, and high-quality breed pictures. Learn everything about the Basset Fauve De Bretagne dog breed including temperament, care, and more.","The Basset Fauve de Bretagne is a French hunting dog whose long, strong body, short, powerful legs, and tough, wiry hair makes it one of the more naturally suited hunting dogs of the region. The breed first appeared in the 19th century, and while it apparently nearly died out in the 20th century, the strain remains highly popular if somewhat rare. Unlike most French dog breeds, however, not much is known about its conception or a fair amount of the breed's history. The Basset Fauve de Bretagne is a hunting dog whose int..."
Basset Griffon Vendeen (Grand),Hound,,,,10 - 12 yrs.,23½ - 27½ in.,66 - 77 lbs,75,89,87,60,86,100,33,63,60,25,25,88,70,74,60,25,65,83,85,80,"Fantastic hunting skills, Fairly friendly and outgoing, Excellent work ethic, Socializes well with other dogs, Intelligent, Adapts well to outdoor living, Good overall health","Grand Griffon Vendeen information, facts, and high-quality breed pictures. Learn everything about the Grand Griffon Vendeen dog breed including temperament, care, and more.","The Grand Griffon Vendeen originated in France around the 16th century as a hunting dog. These scent hounds accompanied large game hunters of wild boars, stag and deer as well as foxes. This is a determined, strong willed breed that will excel in hunting but can also be trained in obedience if the owner positions themselves as a firm leader, however in generally, Grand Griffons are not easily trained. This breed is ideal for homes with multiple dogs, as it used to being part of a hunting pack but not a good match for a ..."
Basset Griffon Vendeen (Petit),Hound,,,,11 - 14 yrs.,12½ - 15½ in.,25 - 40 lbs,90,90,95,85,88,33,0,63,20,75,38,85,30,90,20,15,90,80,84,80,"Hernias, Epilepsy, Cataracts, Glaucoma, Skin allergies, Lens luxation, Hip dysplasia, Heart diseases, Luxating patella, Hypothyroidism, Retinal dysplasia, Digestive problems, PBGV Pain Syndrome, Inflammatory brain disease, Persistent pupillary membranes","Petit Basset Griffon Vendeen information, facts, and high-quality breed pictures. Learn everything about the Petit Basset Griffon Vendeen dog breed including temperament, care, and more.","This long-established, short-legged, remarkably strong scenthound has been a favorite hunting dog in France since the 16th century. Until the late 19th century, the breed was used almost exclusively by royalty to chase down rabbits and birds in the thorns brambles that other dogs would not enter. These days, these dogs tend to be found more in dog shows than in field hunts. The Petit Basset Griffon Vendeen is a hunting dog, and has been bred so for several centuries. These dogs are headstrong but are fine for first-time..."
Basset Hound,Hound,,,,10 - 12 yrs.,12 - 14 in.,50 - 65 lbs,95,98,95,95,96,67,0,25,80,50,75,40,10,40,30,95,60,60,84,70,"Bloat, Obesity, Allergies, Panosteiti, Cherry Eye, Otitis Externa, Hip dysplasia, Thrombopathia, Patellar luxation, Von Willebrand's Disease, Intervertebral Disc Disease, Eyelid and eyelash problems","Everything about the Basset Hound dog breed. Discover Basset Hound coloring, sizing, traits, lifespan, and compare Basset Hounds to other dog breeds.","Emotion motion Jelly Dude CC BY Dog Breeds Basset Hound Basset Hound Dog Breed Other names: Basset Basset Dog Basset Puppy Hush Puppy The basset hound is a short large breed dog most famously known as Hush Puppy dog. The breed is a scent hound and was originally bred for hunting rabbits and other small game. Today the basset hound is still used as a small game hunter, but they are more common as a house dog. Basset hounds have a short coat and their body has some unique features which help the breed excel with their sce..."
Bavarian Mountain Hound,Hound,,,,12 - 15 yrs.,17 - 20½ in.,44 - 55 lbs,65,64,80,50,61,100,67,88,100,38,50,88,60,71,60,37,75,70,68,80,,"Bavarian Mountain Hound information, facts, and high-quality breed pictures. Learn everything about the Bavarian Mountain Hound dog breed including temperament, care, and more.","The Bavarian Mountain Hound is a Scenthound recognized by various Kennel Clubs including the UKC and Irish Kennel Club. Descended from the original ""bracken"" hunting dogs of this area, they have long been utilized to trail game in the Bavarian Mountain region. These medium-sized, long-lived dogs are not a commitment to be taken lightly due to their high exercise needs. Their ideal homes would be with a hunter or very physically active individual/family that had a large yard (at minimum) and plenty of time to exercise th..."
Beagle,Hound,,,,10 - 15 yrs.,13 - 16 in.,22 - 30 lbs,95,95,95,95,96,100,33,50,20,38,88,20,30,95,80,85,10,10,63,80,"Anemia, Obesity, Epilepsy, Hepatitis, Deafness, Cataracts, Cherry eye, Narcolepsy, Glaucoma, Ear infections, Joint dysplasia, Hypothyroidism, Lymphosarcoma, Corneal dystrophy, Pulmonic stenosis, Hypochondroplasia, Beagle Pain Syndrome, Invertebral disk disease, Chinese Beagle Syndrome, Pituitary-dependant hyperadrenocorticism","Everything about the Beagle dog breed. Discover Beagle coloring, sizing, traits, lifespan, and compare Beagles to other dog breeds.","Beagles are very friendly affectionate dogs and will quickly bond with everyone in the family, including pets. They can be somewhat challenging to train and require creative owners to find the best approach to keeping the dog in a state of obedience. Beagles are hunting dogs, but they don't hunt to kill but to track and tree, or corner, game. Still, with the right home, they make good family companions and can be fun. While first time dog owners can find their behavior frustrating, and Beagles for kids might not be the ..."
Bearded Collie,Pastoral,,,,12 - 14 yrs.,20 - 22 in.,40 - 60 lbs,95,95,80,95,83,33,67,75,60,50,25,80,70,95,90,60,40,40,84,100,"Joint problems such as hip dysplasia and arthritis, Hypothyroidism is an endocrine disorder than can affect many aspects of your dogs body so it's best to get this blood test if you sense anything is out of the ordinary., Addison's Disease affects the dogs adrenal glands and result in dehydration, low energy and depression--this also is detectable via a blood test., Cancer, Eye Diseases","Bearded Collie information, facts, and high-quality breed pictures. Learn everything about the Bearded Collie dog breed including temperament, care, and more.","As a herding breed, you can expect the bearded collie to have high intelligence and will find the dog is capable of problem solving issues which, while ideal for farming, may lead to mischief if there is a lack of mental stimulation in the household. You can expect the breed to excel at training and to pick up new tricks almost effortlessly. A common complaint among owners is Bearded Collies tend to become bored and lose interest with training sessions that are too easy or predictable. Its hard to resist the perpetually..."
Beauceron,Pastoral,,,,10 - 12 yrs.,24 - 28 in.,70 - 110 lbs,60,95,60,20,66,100,67,75,20,25,38,95,80,95,80,60,20,60,63,80,"Highly intelligent and obedient, Excellent work ethic, Fantastic guard and watchdog abilities, Excels in obedience and agility trials, Low grooming requirements, Protective and loyal, Excellent health, Responds well to training, Adapts easily to a variety of temperatures","Beauceron information, facts, and high-quality breed pictures. Learn everything about the Beauceron dog breed including temperament, care, and more.","The Beauceron is a large-sized, short-haired herding dog that originated in France. Dogs of this breed are intelligent, focused, obedient, and can be dominant and even aggressive if not properly socialized. Beaucerons require little grooming, moderate training (including plenty of socialization), and lots of exercise. They also suffer from few health issues. Overall, these dogs are best suited to working on farms, or as pets for active families willing to deal with their dominant personalities. The Beauceron, a member o..."
Bedlington Terrier,Terrier,,,,15 - 17 yrs.,15 - 17 in.,18 - 23 lbs,95,95,80,80,96,50,67,75,80,13,25,60,50,95,70,80,60,60,84,90,,"Bedlington Terrier information, facts, and high-quality breed pictures. Learn everything about the Bedlington Terrier dog breed including temperament, care, and more.","Bedlington Terriers are not afraid to assert themselves when around other dogs. The breed can become jealous and will challenge other dogs they dislike and despite their soft appearance the Bedlington's bite is worse than their bark. Bedlington's do well with children and tolerate other pets in the family, but is is recommended to socialize the breed at a young age. The Bedlington Terrier, as its name suggests, is a member of the Terrier group of most clubs. These small but agile dogs were originally developed in Englan..."
Belgian Shepherd Dog (Groenendael),Pastoral,,,,11 - 13 yrs.,22 - 26 in.,65 - 75 lbs,95,80,95,95,83,50,67,75,60,75,13,100,70,95,100,60,60,60,63,100,,"Groenendael information, facts, and high-quality breed pictures. Learn everything about the Groenendael dog breed including temperament, care, and more.","A medium- to large-sized breed. Males are 24-26 inches at the shoulder in height, and weigh 65-75 pounds; females are 22-24 inches in height, and 60-70 pounds in weight. Groenendaels are active, sensitive dogs. They have a good work ethic (and with it, a strong herding instinct), and may be stubborn and shy; experts suggest raising this breed from puppyhood for best results. These dogs form close bonds with their families, and will be very protective of them."
Belgian Shepher Dog (Laekenois),Pastoral,,,,11 - 13 yrs.,22 - 26 in.,65 - 75 lbs,95,80,95,95,83,50,67,75,60,75,13,100,70,95,100,60,60,60,63,100,,"Groenendael information, facts, and high-quality breed pictures. Learn everything about the Groenendael dog breed including temperament, care, and more.","A medium- to large-sized breed. Males are 24-26 inches at the shoulder in height, and weigh 65-75 pounds; females are 22-24 inches in height, and 60-70 pounds in weight. Groenendaels are active, sensitive dogs. They have a good work ethic (and with it, a strong herding instinct), and may be stubborn and shy; experts suggest raising this breed from puppyhood for best results. These dogs form close bonds with their families, and will be very protective of them."
Belgian Shepherd Dog (Malinois),Pastoral,,,,10 - 12 yrs.,22 - 28 in.,64 - 75 lbs,35,40,50,40,35,83,83,88,80,50,38,100,90,85,100,20,60,20,21,100,,"Belgian Malinois information, facts, and high-quality breed pictures. Learn everything about the Belgian Malinois dog breed including temperament, care, and more.","The Belgian Malinois is considered a medium sized breed. Adult males average a height of 24 - 28 inches and weigh between 65 and 75 pounds. Adult females will stand 22 - 24 inches tall and weigh between 55 and 65 pounds. Strong and well-built, these robust dogs are highly versatile and excel in a wide variety of roles; as an agility competitor or a guard dog, there are few breeds that can outmatch the Belgian Malinois. The Belgian Malinois is loyal and terribly smart. These dogs continue to excel in a number of roles an..."
Belgian Shepherd Dog (Tervueren),Pastoral,,,,10 - 12 yrs.,22 - 26 in.,55 - 75 lbs,60,80,60,60,66,100,67,75,60,75,75,95,40,95,70,60,20,20,63,80,"Highly intelligent, Athletic and agile, Adaptable to both hot and cold weather, Easily trained, Affectionate and playful, Excellent watchdog abilities, Competes very well in obedience and agility trials, Fairly easily groomed","Belgian Tervuren information, facts, and high-quality breed pictures. Learn everything about the Belgian Tervuren dog breed including temperament, care, and more.","The Belgian Tervuren is a medium-sized, medium- to long-haired shepherd breed that originated in Belgium. ""Tervs,"" as they're known for short, are hard-working, playful, and sensitive in temperament. They require moderate care (little grooming, some training, and lots of exercise), and are considered very healthy. Dogs of this breed are best suited to active, experienced owners who can provide their dogs with plenty of physical and mental stimulation, and a great deal of attention. Tervs are not recommended for first-ti..."
Bergamasco,Pastoral,,,,12 - 15 yrs.,21 - 24 in.,70 - 84 lbs,60,95,60,20,31,100,33,50,40,0,25,80,80,80,80,40,20,20,21,80,"Hypoallergenic, Not aggressive, Extremely protective, Not prone to drooling, Well above-average intelligence, Very friendly if properly socialized, Highly tolerant of very cold weather, Very few general health problems possible, Typically moderate in size (despite the massive coat)","Bergamasco information, facts, and high-quality breed pictures. Learn everything about the Bergamasco dog breed including temperament, care, and more.","This ancient breed hails from Italy. While this odd-looking yet beautiful dog has been around for a couple millennia, the American Kennel Club (AKC) only recognized them in 2015. Just as the massive, ropey coat suggests, this is a dog to behold. The breed is well-known to be reserved, talented and especially smart. If ever you get the chance to meet and pet a Bergamasco, you will never forget it! The Bergamasco is a herding dog through and through. (It practically goes without saying that the AKC categorized the breed u..."
Bernese Mountain Dog,Working ,,,,6 - 8 yrs.,23 - 27 in.,70 - 120 lbs,95,95,90,100,92,33,33,25,30,75,38,70,20,50,30,80,0,0,63,70,"Laid-back and even-tempered; not known for aggression, Excellent work ethic, Socialize very well with other pets, Easy to train, Good with children and strangers, Well-suited to cold climates, Good watchdog abilities","Everything about the Bernese Mountain Dog breed. Discover Bernese Mountain Dog coloring, sizing, traits, lifespan, and compare Bernese Mountain Dogs to other dog breeds.","Bernese Mountain Dogs are loyal companions and are not suited for outdoor living because they enjoy being in the presence of the owner and/or family. These dogs do best in cool to very cold weather as you can see by the thick coat and hardy build, so they should not live in warm or hot climates. They should be exercised at night or early morning so warmer temperatures can be avoided. Bernies are not guard dogs and are not aggressive. This breed is easily trained and enjoys being tasked. Unfortunately, there is less gene..."
Bichon Frise,Toy,,,,12 - 15 yrs.,9 - 11 in.,7 - 12 lbs,90,95,85,95,98,33,50,50,80,0,75,85,20,75,40,100,0,10,63,80,"Epilepsy, Gingivitis, Pyoderma, Liver shunt, Ear infections, Hemophilia B, Heart disease, Crowded teeth, Patellar luxation, Inherited cataracts, Endocrine diseases, Severe chronic allergies, White Shaker Dog syndrome, Urinary infections and stones","Everything about the Bichon Frise dog breed. Discover Bichon Frise coloring, sizing, traits, lifespan, and compare Bichon Frise to other dog breeds.","The bichon frise is an intelligent dog breed and is highly trainable. Their small size makes them an ideal dog for any apartment, but they do suffer from separation anxiety which is something potential owners need to consider if they are frequently away. They do have a lot of energy, but as a small dog their exercise requirements is less than larger dogs breeds with the same level of energy. The Bichon Frise was originally bred to be a ratter and companion dog for sailors in the Mediterranean. In time, they became royal..."
Black & Tan Coonhound,Hound,,,,10 - 12 yrs.,23 - 27 in.,50 - 75 lbs,95,95,95,95,96,100,50,50,100,25,75,40,60,95,60,20,40,40,42,50,"Cataracts, Ectropion, Entropion, Hemophilia B, Hip dysplasia, Coonhound paralysis, Ticks and other parasites","Black And Tan Coonhound information, facts, and high-quality breed pictures. Learn everything about the Black And Tan Coonhound dog breed including temperament, care, and more.","The Black and Toon Coonhound is an American-born and -bred dog breed whose popularity may not be wide but is deeply appreciated. These dogs may have come from a mix of dogs both British and pre- (and post-) American, but they are definitely all-American. They still go by a few longer names (such as the American Black and Tan Coonhound) as well as just Black and Tans or just B&Ts. The Black and Tan Coonhound is a gun dog used for tracking, treeing, and other hunting tasks. While fewer seem to be used as intended and are ..."
Bloodhound,Hound,,,,11 - 15 yrs.,23 - 27 in.,90 - 110 lbs,95,95,95,95,96,67,33,50,60,50,100,60,20,60,30,20,40,40,42,70,"Highly intelligent, Affectionate and docile (except when tracking a scent!), Adaptable to both hot and cold climates, Socializes well with kids and other pets, Good watchdog abilities, Moderately healthy, Fantastic tracking skills, Excels in agility trials and ""doggy sports""","Everything about the Bloodhound dog breed. Discover Bloodhound coloring, sizing, traits, lifespan, and compare Bloodhounds to other dog breeds.","Despite the breed's tracking ability, they are extremely friendly dogs to both people and animals. Their only desire in life is to follow a scent. They make good family dogs, however they can be difficult to care for so they are not recommended for people inexperienced with dogs. The Bloodhound, a member of the Hound group of breeds, has been utilized as a scenthound and tracking dog for perhaps as long as recorded history itself. Dogs of this breed are affectionate, active, and intelligent, and are good both in a worki..."
Bolognese,Toy,,,,12 - 15 yrs.,9 - 12 in.,8 - 14 lbs,95,95,95,95,96,17,50,50,90,13,75,95,60,60,50,95,40,40,63,60,"Extremely affectionate, Intelligent, Sheds minimally; good for allergy sufferers, Normally good-natured and playful, Socializes pretty well with children and other pets, Good health, Great for apartment life, Fantastic ""snuggle buddy"", Responds fairly well to training, Extremely willing to please","Bolognese information, facts, and high-quality breed pictures. Learn everything about the Bolognese dog breed including temperament, care, and more.","The Bolognese, a member of the Toy group of breeds, is the very definition of a personal companion dog. These little animals have existed as lapdogs for centuries, and are good pets for singles, seniors, and anyone willing to provide them with the love and attention they need. A few Bolognese dog facts: they're small-sized (average weight is 11 pounds, and average height is 10 inches), with long-haired, single-layered, fluffy coats that only exist in white. They have a relatively long lifespan of 12-15 years, and will r..."
Border Collie,Pastoral,,,,12 - 15 yrs.,18 - 22 in.,30 - 45 lbs,75,80,60,60,66,100,67,75,40,25,88,95,20,85,60,70,66,30,32,100,,"Everything about the Border Collie dog breed. Discover Border Collie coloring, sizing, traits, lifespan, and compare Border Collies to other dog breeds.","Border collies have high energy and stamina with a workaholic attitude. They need both mental and physical tasks to keep them occupied, so if you're looking for companion to relax on the couch this is not the breed. Because of this the breed is recommended for active owners and is ideal for anyone interested in agility sports such as frisbee throwing and agility courses. Border Collies are neither for the meek nor the he lazy. These are wonderful dogs whose small body should not be underestimated. Originally bred to be ..."
Border Terrier,Terrier,,,,12 - 15 yrs.,10 - 16 in.,13 - 16 lbs,80,95,80,40,96,100,67,50,80,25,63,60,20,95,20,80,20,20,63,90,"Hypoallergenic, Great watchdogs, Few health problems, Low grooming needs, High tolerance to pain, Excellent vermin hunters, Perfect rural companion dog, Less excitable than other Terrier breeds, Gets along well with dogs and very young children","Everything about the Border Terrier dog breed. Discover Border Terrier coloring, sizing, traits, lifespan, and compare Border Terriers to other dog breeds.","The breed is affectionate, good tempered, and easy to train which makes them ideal pet for families who know how to tame their hunting instincts. They make great family dogs and can cope with different living environments whether its a small apartment or a house on a farm. Border Terriers were bred to be fox hunters: fast, wily and able to scrap in tight places. They were also bred to be companion dogs when not working. As long as they have daily and strenuous exercise, there should be few Border Terrier problems at hom..."
Borzoi,Hound,,,,10 - 12 yrs.,26 - 32 in.,75 - 105 lbs,80,80,60,80,83,67,67,75,80,38,0,60,60,60,80,95,60,60,21,90,"Elegant, graceful, eye-catching, Quiet, rarely barks, Calm and agreeable as an adult, Moderately affectionate, loyal and protective, Self sufficient, not needy, Moderately active, good for active individuals, Good choice for families, Adaptable to virtually any living space, Can live in cooler climates, One of the fastest dogs, Can get along with small pets if raised with them, Rich history, dog of royalty, Excellent sighthound","Borzoi information, facts, and high-quality breed pictures. Learn everything about the Borzoi dog breed including temperament, care, and more.","Borzoi are independent dogs and rarely bark. The breed makes an excellent indoor dog as they are naturally respectful towards people and prefer lying on a cushion than barking at the mailman through the window. Borzoi do well with pets, but have a strong coursing instinct which makes it difficult for them to resist the urge to non-aggressively chase and pin other animals to the ground. The Borzoi is a royal Russian sighthound originating in the 17th century. Many factors make the Borzoi unique and interesting. It is amo..."
Boston Terrier,Utility,,,,13 - 15 yrs.,13 - 15 in.,12 - 25 lbs,95,80,95,95,79,100,67,50,80,25,13,80,50,95,50,95,60,60,84,70,,"Everything about the Boston Terrier dog breed. Discover Boston Terrier coloring, sizing, traits, lifespan, and compare Boston Terriers to other dog breeds.","The Boston Terrier purpose was as a ratter, but the breed also had popularity as a dog fighter (aka ""pit fighter""). Fortunately, dog-fighting is not only unpopular but outlawed, and down-breeding has made this dog much smaller. This has allowed them to be far less ferocious, far more friendly, and, sadly, far more prone to a long list of health problems. Still, these dogs are good for small children who love to play and are mindful, for elderly people, and as family dogs. They are OK for first-time dog owners, but they ..."
Bouvier Des Flandres,Working,,,,10 - 12 yrs.,23 - 28 in.,75 - 100 lbs,80,95,95,40,48,33,33,50,60,50,75,95,60,80,80,60,40,40,42,90,,"Bouvier Des Flandres information, facts, and high-quality breed pictures. Learn everything about the Bouvier Des Flandres dog breed including temperament, care, and more.","A large-sized breed. Males weigh 75-100 pounds, and stand 24-28 inches tall at the shoulders; females weigh 60-80 pounds, and are 23-27 inches in height. Bouvier puppies are lively and energetic, but mature into calm, serene adults. These dogs are loyal and intelligent, but are also strong-willed, independent, and sometimes domineering. Socialization and obedience training, especially as a puppy, are highly recommended for this breed so the Bouvier can learn its proper place in the family “flock.” Once it learns its man..."
Boxer,Working,,,,10 - 12 yrs.,21 - 25 in.,60 - 70 lbs,85,92,95,75,66,67,67,75,40,75,50,60,90,90,70,80,35,30,32,70,"Love kids, Enjoy snuggling, Great guard dogs, Excellent watchdogs, Good for active lifestyles","Everything about the Boxer dog breed. Discover boxer coloring, sizing, traits, lifespan, and compare boxers to other dog breeds.","Even though boxers were bred to be fearless guard dogs, they are loyal to their family and friendly to strangers and guests welcomed by their owners. They are very playful and full of energy. Boxers are an intelligent dog breed, however they are known for being headstrong so it may require patience to fully train the breed. The Boxer is a former hunting dog whose companionship aspect has come to be the main reason most people get one of these dogs. They get along wonderfully with children but need to be trained to not b..."
Bracco Italiano,Gundog,,,,10 - 12 yrs.,21½ - 26½ in.,55 - 88 lbs,80,95,60,95,66,100,83,88,40,50,63,60,10,60,90,20,60,60,42,90,"Not aggressive around strangers, Makes a good WATCHdog, Hunting companion, pointing, retrieving, Excellent sense of smell, Great with kids, Gets along with other pets, Regal, dignified personality, Bonds closely with the owner, Enjoys family time, Exercise buddy, Low maintenance grooming","Bracco Italiano information, facts, and high-quality breed pictures. Learn everything about the Bracco Italiano dog breed including temperament, care, and more.","The Bracco Italiano, or Italian Pointing Dog, if one of 2 gundog breeds originating in Italy. Best known for their dignified expression and temperament, these canine are known for their excellent sense of smell as well as pointing and retrieving abilities. Owners must be athletic and active with plenty of indoor and outdoor space for them. They are good with kids, get along with other pets and require little grooming. However, they are notoriously difficult to train for a new owner-- experienced gundog owners are recomm..."
Braque D’Auvergne,Gundog,,,,12 - 15 yrs.,21 - 24½ in.,49 - 62 lbs,85,89,83,93,86,100,50,63,100,25,25,94,70,73,70,25,65,84,88,90,,Braque D,"A medium-sized breed, Braque D'Auvergnes weigh 49-62 pounds; males stand 22 ½ - 24 ½ inches at the shoulders, while females are 21-23 inches in height. Extremely people-friendly, lively, obedient, and intelligent, this breed is a hard-working hunting dog that makes a fantastic family companion. Braques are excellent tracking dogs, and are very affectionate with children, other animals, and even strangers, but may suffer separation anxiety if left alone."
Briard,Pastoral,,,,10 - 12 yrs.,23 - 27 in.,60 - 90 lbs,85,85,95,95,48,17,50,75,50,63,75,80,90,80,90,60,60,60,63,100,"Cancer, Cataracts, Hip Dysplasia, Ectopic Ureters, Hypothyroidism, Elbow Dysplasia, Von Willebrand's Disease, Progressive Retinal Atrophy (PRA)","Briard information, facts, and high-quality breed pictures. Learn everything about the Briard dog breed including temperament, care, and more.","The Briard is a very old breed of sheepdog native to France. These big, wooly dogs look a lot like a larger Puli but are do not have the distinctly corded coats of that breed. Although they've been around for a very long time, not much is known about them and was not known until the late 19th century. Briards remain favored herding dogs in France, but these days they are also used as companions and are well-known for their participation in dog shows too. They are dogs who are best when they have a job along the lines of..."
Brittany,Gundog,,,,12 - 13 yrs.,17 - 20 in.,30 - 40 lbs,95,95,95,95,83,67,100,88,80,50,50,60,10,95,40,15,20,20,63,90,"Friendly, Eager to please, People-oriented, Very, very smart, Few health issues, Terrific hunting dog, Low grooming needs, Gets along well with other dogs","Everything about the Brittany dog breed. Discover Brittany coloring, sizing, traits, lifespan, and compare Brittanys to other dog breeds.","The Brittany is a hunting dog whose ability to hunt, point and retrieve is respected far and wide. They make excellent family pets with children in the home so long as the kids understand how to respect the dog's space. Surprisingly, some of the more notable Brittany Spaniel problems come from having a noisy environment. They work well in the field with guns going off, but they tend to get quickly anxious with noisy kids and loud homes. They may not always be the best for first-time dog owners as these dogs require a lo..."
Bull Terrier,Terrier,,,,9 - 15 yrs.,18 - 21 in.,45 - 65 lbs,95,95,95,80,96,100,67,50,80,25,13,95,50,95,70,80,40,40,84,60,"Loves children, playful companion, Friendly with most people and strangers, Enjoys living indoors and spending time with his/her family, Fairly healthy, Needs little grooming, Exercise companion, Makes decent alert dog, Can be obedient for firm owner, Excellent show dog, Charming, funny, quirky","Everything about the Bull Terrier dog breed. Discover Bull Terrier coloring, sizing, traits, lifespan, and compare Bull Terriers to other dog breeds.","The breed gained popularity after their appearance as the Budweiser dog in commercials in the late 1980's and again as the Target mascot in the 2000's. Bull terriers are friendly, however they were bred as fighting dogs and will need early socialization to keep them from becoming aggressive around other dogs. The bully English Bull Terrier that originated in the early 1800's may have had been a fierce thing that excelled in dog fights and varmint extermination but today they are impressive show dogs and fantastic compan..."
Bull Terrier (miniature),Terrier,,,,10 - 14 yrs.,10 - 13 in.,28 - 33 lbs,95,95,95,80,96,100,33,50,80,25,75,95,40,95,60,80,40,40,84,60,"Clownish, Very strong, Highly active, Wonderfully small, Few health concerns, Low grooming needs, Not typically aggressive around strangers","Miniature Bull Terrier information, facts, and high-quality breed pictures. Learn everything about the Miniature Bull Terrier dog breed including temperament, care, and more.","The Miniature Bull Terrier (MBT) is a small, muscular and somewhat unique-looking dog. The Roman nose is what distinguishes them: the low, flat line with a strong bump in the middle—from the closely inset eyes all the way down to the nose—gives the impression of an armored vehicle on the move. Contrary to their look, they are clowns at heart. Miniature Bull Terriers were bred for a purpose: to continue using Bulldog breeds for extermination purposes and to have them not be lost due to the laws forbidding bloodspot that ..."
Bulldog,Utility,,,,8 - 12 yrs.,13 - 15 in.,53 - 55 lbs,80,95,80,40,92,100,0,25,80,25,0,60,20,80,40,95,60,60,84,40,"Lovable, Very sweet, Highly tolerant, Doesn't bark much, Low grooming needs, Good with mature kids, Easy going temperament, Few exercise requirements, Doesn't mind being left alone","Everything about the Bulldog breed. Discover English Bulldog coloring, sizing, traits, lifespan, and compare Bulldog to other dog breeds.","Today's bulldog is a child loving companion dog with a gentle nature. Their high pain tolerance and lazy attitude makes them ideal dogs for young rambunctious children whose curiosity and rough housing may intimidate or upset other dogs breeds. Long ago, Bulldogs were bred to be fighting dogs. Typically, that is no longer the case. These dogs are best as companion animals for people who spend a lot of time away from home or who are not overly active. In some ways, Bulldogs are not bad for people wanting their first dogs..."
Bullmastiff,Working,,,,8 - 10 yrs.,24 - 27 in.,110 - 130 lbs,85,95,95,100,66,100,33,50,40,50,13,75,90,50,80,85,20,20,63,80,,"Bullmastiff information, facts, and high-quality breed pictures. Learn everything about the Bullmastiff dog breed including temperament, care, and more.","Members of this breed will be loyal and protective dogs to their owner or family and make perfect additions to households with children and other pets. They are not a hunting breed and do not display developed hunting instincts but can be trained to subdue intruders without injuring them. These guys are often described as independent thinkers and even stubborn, but truly they are very intelligent and eager to please you. It is imperative for you to take the time to train this breed and establish yourself as the leader f..."
Cairn Terrier,Terrier,,,,14 - 15 yrs.,9 - 10 in.,10 - 14 lbs,95,95,95,80,83,67,33,50,80,13,88,40,40,95,70,95,80,80,84,80,,"Cairn Terrier information, facts, and high-quality breed pictures. Learn everything about the Cairn Terrier dog breed including temperament, care, and more.","Members of this breed make cheerful, affectionate and lively companions for all ages - old, young, even men who like little dogs but don't like the ""delicate"" look; they are said to have a natural love for children. These dogs are great for houses with other dogs but never other small pets as they retain their instinct to chase small animals. They are also adaptable to many living environments and temperatures. They are not for the owner that gets faint hearted at the thought of firmly and consistently training an indep..."
Canaan Dog,Utility,,,,12 - 15 yrs.,19 - 23 in.,45 - 55 lbs,50,75,75,20,22,100,100,100,100,50,75,20,70,70,70,10,10,5,5,100,"Epilepsy, Hip dysplasia, Cryptorchidism, Hypothyroidism, Luxating patella, Elbow dysplasia, Lymphosarcoma, Degenerative Myelopathy, Osteochondritis Dissecans (OCD), Progressive Retinal Atrophy (PRA)","Canaan Dog information, facts, and high-quality breed pictures. Learn everything about the Canaan Dog breed including temperament, care, and more.","The Canaan Dog is a primitive dog breed whose more than 8,000 years on Planet Earth is decently enough documented at least as many years as we know the dogs have been here. They have long proved a great worth in war and peace as well as on farms, in the woods and, most notably, in the high desert east of the Red Sea. Those that were bred in kennels are sometimes called B'nei Habitachon . These amazing dogs are not very common even as most of them are domesticated, and the wild ones are quickly disappearing. The Canaan D..."
Canadian Eskimo Dog,Working,,,,10 - 15 yrs.,20 - 28 in.,65 - 90 lbs,15,14,27,5,42,67,67,75,100,63,88,72,20,75,30,9,90,89,55,70,"Outstanding work ethic, Intelligent, Extremely well-suited for outdoor living, Loyal and affectionate to handlers, Active and athletic, Healthy and hardy, Creates deep bonds with adult family members, Responds well to training, Fantastic sled-pulling capabilities, Socializes fairly well with strangers","Canadian Eskimo Dog information, facts, and high-quality breed pictures. Learn everything about the Canadian Eskimo Dog dog breed including temperament, care, and more.","The Canadian Eskimo Dog (CED), a member of the Working group of breeds, has existed in Arctic and sub-Arctic regions of the world for thousands of years; the Inuit and other indigenous peoples have used them as multi-purpose working dogs since prehistoric times. As such, CEDs are best suited for active use in northern climates, either as sled-pullers or as work dogs in snowy areas. Some Canadian Eskimo Dog facts: CEDs are medium- to large-sized, and size varies somewhat between genders; males are 23-28 inches at the sho..."
Catalan Sheepdog,Pastoral,,,,10 - 14 yrs.,17 - 19 in.,45 - 60 lbs,77,87,86,62,83,67,67,63,50,50,25,88,50,80,50,37,90,91,11,80,"Epilepsy, Glaucoma, Hip dysplasia, Patellar luxation, Dental problems, Congenital deafness, Progressive retinal atrophy (PRA)","Catalan Sheepdog information, facts, and high-quality breed pictures. Learn everything about the Catalan Sheepdog dog breed including temperament, care, and more.","The Catalan Sheepdog, also known as the Gos D'Atura, has its origins in Spain and is believed to have come from Sheepdog breeds dating back to Roman times. They remain in wide use there and can also be found throughout Germany, Finland, and Sweden. They are one of the smallest working Sheepdog breeds. A variation with short hair also exists, but they are extremely rare and believed to be nearly extinct. The Catalan Sheepdog is, as the breed's name states, a dog who herds sheep. They do much more, but this dog's primary ..."
Cavalier King Charles Spaniel,Toy,,,,9 - 15 yrs.,12 - 13 in.,13 - 18 lbs,95,95,95,95,96,100,33,50,80,50,63,80,20,95,60,95,20,80,100,70,"Lapdog temperament- affectionate, gentle, attention loving, Playful and adventurous, Great with children, Great with other dogs, Good with cats, Friendly with strangers, Not aggressive, Adaptable to your activity level, Can live in any size dwelling, Easy to train","Everything about the Cavalier King Charles Spaniel dog breed. Discover breed coloring, sizing, traits, lifespan, and compare Cavalier King Charles Spaniels.","The breed is intelligent, agile, and has flushing and retrieving instincts inherited from it's spaniel ancestors. The Cavalier King Charles Spaniel's dark eyes are often thickly traced by darker fur which makes the eyes look larger (similar to puppy eyes), generally resulting in a constant supply of petting and treats from its owners and strangers. The Cavalier King Charles Spaniel, ""Cavie"" or ""Cav"" is presently a popular companion dog but actually has roots as a hunting companion and lapdog for royalty. Like the name s..."
Cesky Terrier,Terrier,,,,10 - 15 yrs.,10 - 13 in.,16 - 22 lbs,90,95,60,40,66,67,0,38,100,25,50,80,30,56,80,95,60,60,84,70,"Small-sized (average of 12 inches at the shoulders in height and 19 pounds in weight), Softer coat than other terrier breeds, Fairly rare in North America, Coat has long furnishings on face, legs, and underbelly, AKC Rank: 182 of 194","Cesky Terrier information, facts, and high-quality breed pictures. Learn everything about the Cesky Terrier dog breed including temperament, care, and more.","The Cesky Terrier (sometimes spelled Czesky Terrier) is a rare, small-sized breed that was developed in Europe in the late 1940s by mixing the Scottish Terrier with the Sealyham Terrier. Considered more mellow than other terrier breeds, these dogs are friendly and affectionate--but they still have the usual boldness, digging tendencies, and sometime stubbornness of all terriers. The Cesky is good with children, but not so much with other dogs (and other pets in general); they'll need frequent grooming, but they don't sh..."
Chihuahua (Long Coat),Toy,,,,15 - 20 yrs.,6 - 9 in.,3 - 6 lbs,80,95,95,40,48,100,67,50,40,50,100,80,30,80,100,95,20,20,84,80,"Obesity, Liver shunt, Corneal ulcers, Heart diseases, Bladder stones, Dental diseases, Luxating patella, Collapsing trachea, Legg-Perthes disease, Respiratory problems, Intolerance to heat and cold","Everything about the Chihuahua dog breed. Discover Chihuahua coloring, sizing, traits, lifespan, and compare Chihuahuas to other dog breeds.","Chihuahuas are companion dogs and will nearly always be close to (if not in the arms of) their owner. The breed is extremely alert, which makes them a fantastic watch dog, and are extremely agile. Chihuahuas are intelligent and are willing to please their owner, so obedience training is generally not an issue even with people inexperienced with dogs. The Chihuahua is a companion dog that is not quite recommended for first time dog owners unless the owner has a lot of patience. These dogs tend to not like kids, other dog..."
Chihuahua (Smooth Coat),Toy,,,,15 - 20 yrs.,6 - 9 in.,3 - 6 lbs,80,95,95,40,48,100,67,50,40,50,100,80,30,80,100,95,20,20,84,80,"Obesity, Liver shunt, Corneal ulcers, Heart diseases, Bladder stones, Dental diseases, Luxating patella, Collapsing trachea, Legg-Perthes disease, Respiratory problems, Intolerance to heat and cold","Everything about the Chihuahua dog breed. Discover Chihuahua coloring, sizing, traits, lifespan, and compare Chihuahuas to other dog breeds.","Chihuahuas are companion dogs and will nearly always be close to (if not in the arms of) their owner. The breed is extremely alert, which makes them a fantastic watch dog, and are extremely agile. Chihuahuas are intelligent and are willing to please their owner, so obedience training is generally not an issue even with people inexperienced with dogs. The Chihuahua is a companion dog that is not quite recommended for first time dog owners unless the owner has a lot of patience. These dogs tend to not like kids, other dog..."
Chinese Crested,Toy,,,,13 - 15 yrs.,10 - 13 in.,5 - 12 lbs,80,80,95,80,83,50,33,25,95,25,100,20,30,60,90,95,20,20,63,80,"Most people consider the Chinese Crested to be an ugly dog-- this makes the all the more appealing to potential owners and current fanciers of the breed. Don't believe us? The Chinese crested has won the ugliest dog award 11 times! The contest is called the ""World's Ugliest Dog Contest"" and it is held every year as part of the Sonoma-Marin Fair in California. The Chinese Crested has won 11 years from 2000-2018 with one particularly ugly Chinese Crested, Sam, winning 3 years in a row from 2003-2005.","Chinese Crested information, facts, and high-quality breed pictures. Learn everything about the Chinese Crested dog breed including temperament, care, and more.","A small-sized breed, Cresteds (both males and females) weigh 5-12 pounds, and are 10-13 inches in height at the shoulders. With personalities as complex as their bodies are tiny, these dogs are affectionate, needy, sometimes stubborn, and always devoted. They show great love to people and animals whom they know, and will suffer separation anxiety if left alone; conversely, they are timid and defensive around strange humans and animals. (But for what it's worth, they make excellent watchdogs). With early socialization, t..."
Chow Chow,Utility,,,,12 - 15 yrs.,17 - 20 in.,40 - 75 lbs,20,40,20,20,31,67,33,38,40,50,13,40,70,80,70,60,95,95,42,20,"Excellent guard dog, Doesn't require tons of activity, Suitable for apartments and small living spaces, Loyal, Ok with other pets, Iconic appearance","Everything about the Chow Chow dog breed. Discover Chow Chow coloring, sizing, traits, lifespan, and compare Chow Chows to other dog breeds.","Originating in Northern Asia, the Chow Chow has teddy bear looks with a protective personality. In fact, they are best known for being dignified, reserved, aloof and even downright aggressive. This is a breed for a strong minded, strong willed owner, otherwise, the independent nature of the breed may make them quite unmanageable. For those that wonder "" Are Chow Chows dangerous?"" the answer is: they certainly can be. Chow Chow attacks are not are frequent as you may fear but the fact is they can be overly protective and..."
Cirneco Dell’Etna,Hound,,,,12 - 14 yrs.,17 - 20 in.,17 - 25 lbs,,,,,,100,67,75,,25,38,,30,,30,,,,,80,,Everything about the Cirneco Dell,"The Cirneco dell'Etna (also called the Sicilian Rabbit Hound) is a small- to medium-sized, lean sighthound. These versatile, athletic dogs are fairly rare, and are great as hunting companions, pets for active families, and as show dogs. The Cirneco is also low-shedding (and low-maintenance in general), but will require a good bit of daily exercise. The breed has excellent health as well."
Collie (Rough),Pastoral,,,,14 - 16 yrs.,22 - 26 in.,60 - 80 lbs,95,95,95,80,83,33,67,75,60,88,88,80,30,80,80,80,40,40,63,100,,"Collie information, facts, and high-quality breed pictures. Learn everything about the Collie dog breed including temperament, care, and more.","This breed is highly intelligent, dedicated and loyal, and a fantastic watchdog. Collies are known for their sensitivity, and many seem to develop almost human-like personalities. The breed is especially good with children, as characterized by the popularity of the long-running TV series Lassie, which featured a Rough Collie as its main character. Collies are extremely social animals, and prefer the company of others; many are prone to excessive barking if left alone. On the large side of medium-size, this breed needs a..."
Collie (Smooth),Pastoral,,,,14 - 16 yrs.,22 - 26 in.,60 - 80 lbs,95,95,95,80,83,33,67,75,60,88,88,80,30,80,80,80,40,40,63,100,,"Collie information, facts, and high-quality breed pictures. Learn everything about the Collie dog breed including temperament, care, and more.","This breed is highly intelligent, dedicated and loyal, and a fantastic watchdog. Collies are known for their sensitivity, and many seem to develop almost human-like personalities. The breed is especially good with children, as characterized by the popularity of the long-running TV series Lassie, which featured a Rough Collie as its main character. Collies are extremely social animals, and prefer the company of others; many are prone to excessive barking if left alone. On the large side of medium-size, this breed needs a..."
Coton De Tulear,Toy,,,,14 - 16 yrs.,9 - 13 in.,11 - 15 lbs,100,100,100,95,96,67,17,25,95,25,38,60,10,100,50,95,20,10,84,70,"Smart, Very playful, Extremely polite, Sheds very little, Great indoor dog, Amazingly soft hair, Few exercise needs, Loves to please people","Everything about the Coton De Tulear dog breed. Discover Coton De Tulear coloring, sizing, traits, lifespan, and compare Coton De Tulears to other dog breeds.","The Coton De Tulear is a companion dog. These fluffy little family pets are best with people who have some dog experience. Because they are so incredibly cute, a lot of people might let Coton de Tulear behavior problems slide by. Although they are very small dogs, they still need a strong-minded owner who will take charge. One of the most basic facts you should know is that many problems come from anxiety, and your Coton needs to know that you can handle things to prevent such stress! If you are thinking of adopting one..."
Dachshund (Long Haired),Hound,,,,12 - 16 yrs.,5 - 11 in.,11 - 32 lbs,60,80,95,60,31,100,67,50,40,25,75,40,20,80,80,95,60,60,84,70,"Bloat, Tumors, Obesity, Walleye, Cancers, Epilepsy, Cataracts, Liver shunt, Narcolepsy, Back injuries, Elbow dysplasia, Polyneuropathy, Hyperthyroidism, Pattern baldness, Inherited deafness, Mitral valve disease, Keratoconjunctivitis, Legg-Calve-Perthes, Demodectic mange, Acanthosis Nigricans, Lymphocytic thyroiditis, Von Willebrand's disease, Intervertebral disk disease, Congenital night blindness, Autoimmune hemolytic anemia, Progressive Retinal Atrophy (PRA)","Everything about the Dachshund dog breed. Discover Dachshund coloring, sizing, traits, lifespan, and compare Dachshunds to other dog breeds.","The dachshund is a brave intelligent dog that can be stubborn at times. The breed has a lot of energy and enough stamina to keep up with hunters on horseback. They have an incredible digging instinct and an incredibly deep bark which many people mistake as coming from a much larger dog. The Dachshund was bred as a hunter. Over the last century or so, however, this formerly medium-sized, highly aggressive, and very versatile dog has been down-bred in size, made a lot less mean (even if they sometimes attack), and yet rem..."
Dachshund (Miniature Long Haired),Hound,,,,12 - 16 yrs.,5 - 11 in.,11 - 32 lbs,60,80,95,60,31,100,67,50,40,25,75,40,20,80,80,95,60,60,84,70,"Bloat, Tumors, Obesity, Walleye, Cancers, Epilepsy, Cataracts, Liver shunt, Narcolepsy, Back injuries, Elbow dysplasia, Polyneuropathy, Hyperthyroidism, Pattern baldness, Inherited deafness, Mitral valve disease, Keratoconjunctivitis, Legg-Calve-Perthes, Demodectic mange, Acanthosis Nigricans, Lymphocytic thyroiditis, Von Willebrand's disease, Intervertebral disk disease, Congenital night blindness, Autoimmune hemolytic anemia, Progressive Retinal Atrophy (PRA)","Everything about the Dachshund dog breed. Discover Dachshund coloring, sizing, traits, lifespan, and compare Dachshunds to other dog breeds.","The dachshund is a brave intelligent dog that can be stubborn at times. The breed has a lot of energy and enough stamina to keep up with hunters on horseback. They have an incredible digging instinct and an incredibly deep bark which many people mistake as coming from a much larger dog. The Dachshund was bred as a hunter. Over the last century or so, however, this formerly medium-sized, highly aggressive, and very versatile dog has been down-bred in size, made a lot less mean (even if they sometimes attack), and yet rem..."
Dachshund (Miniature Smooth Haired),Hound,,,,12 - 16 yrs.,5 - 11 in.,11 - 32 lbs,60,80,95,60,31,100,67,50,40,25,75,40,20,80,80,95,60,60,84,70,"Bloat, Tumors, Obesity, Walleye, Cancers, Epilepsy, Cataracts, Liver shunt, Narcolepsy, Back injuries, Elbow dysplasia, Polyneuropathy, Hyperthyroidism, Pattern baldness, Inherited deafness, Mitral valve disease, Keratoconjunctivitis, Legg-Calve-Perthes, Demodectic mange, Acanthosis Nigricans, Lymphocytic thyroiditis, Von Willebrand's disease, Intervertebral disk disease, Congenital night blindness, Autoimmune hemolytic anemia, Progressive Retinal Atrophy (PRA)","Everything about the Dachshund dog breed. Discover Dachshund coloring, sizing, traits, lifespan, and compare Dachshunds to other dog breeds.","The dachshund is a brave intelligent dog that can be stubborn at times. The breed has a lot of energy and enough stamina to keep up with hunters on horseback. They have an incredible digging instinct and an incredibly deep bark which many people mistake as coming from a much larger dog. The Dachshund was bred as a hunter. Over the last century or so, however, this formerly medium-sized, highly aggressive, and very versatile dog has been down-bred in size, made a lot less mean (even if they sometimes attack), and yet rem..."
Dachshund (Miniature Wire Haired),Hound,,,,12 - 16 yrs.,5 - 11 in.,11 - 32 lbs,60,80,95,60,31,100,67,50,40,25,75,40,20,80,80,95,60,60,84,70,"Bloat, Tumors, Obesity, Walleye, Cancers, Epilepsy, Cataracts, Liver shunt, Narcolepsy, Back injuries, Elbow dysplasia, Polyneuropathy, Hyperthyroidism, Pattern baldness, Inherited deafness, Mitral valve disease, Keratoconjunctivitis, Legg-Calve-Perthes, Demodectic mange, Acanthosis Nigricans, Lymphocytic thyroiditis, Von Willebrand's disease, Intervertebral disk disease, Congenital night blindness, Autoimmune hemolytic anemia, Progressive Retinal Atrophy (PRA)","Everything about the Dachshund dog breed. Discover Dachshund coloring, sizing, traits, lifespan, and compare Dachshunds to other dog breeds.","The dachshund is a brave intelligent dog that can be stubborn at times. The breed has a lot of energy and enough stamina to keep up with hunters on horseback. They have an incredible digging instinct and an incredibly deep bark which many people mistake as coming from a much larger dog. The Dachshund was bred as a hunter. Over the last century or so, however, this formerly medium-sized, highly aggressive, and very versatile dog has been down-bred in size, made a lot less mean (even if they sometimes attack), and yet rem..."
Dachshund (Smooth Haired),Hound,,,,12 - 16 yrs.,5 - 11 in.,11 - 32 lbs,60,80,95,60,31,100,67,50,40,25,75,40,20,80,80,95,60,60,84,70,"Bloat, Tumors, Obesity, Walleye, Cancers, Epilepsy, Cataracts, Liver shunt, Narcolepsy, Back injuries, Elbow dysplasia, Polyneuropathy, Hyperthyroidism, Pattern baldness, Inherited deafness, Mitral valve disease, Keratoconjunctivitis, Legg-Calve-Perthes, Demodectic mange, Acanthosis Nigricans, Lymphocytic thyroiditis, Von Willebrand's disease, Intervertebral disk disease, Congenital night blindness, Autoimmune hemolytic anemia, Progressive Retinal Atrophy (PRA)","Everything about the Dachshund dog breed. Discover Dachshund coloring, sizing, traits, lifespan, and compare Dachshunds to other dog breeds.","The dachshund is a brave intelligent dog that can be stubborn at times. The breed has a lot of energy and enough stamina to keep up with hunters on horseback. They have an incredible digging instinct and an incredibly deep bark which many people mistake as coming from a much larger dog. The Dachshund was bred as a hunter. Over the last century or so, however, this formerly medium-sized, highly aggressive, and very versatile dog has been down-bred in size, made a lot less mean (even if they sometimes attack), and yet rem..."
Dachshund (Wire Haired),Hound,,,,12 - 16 yrs.,5 - 11 in.,11 - 32 lbs,60,80,95,60,31,100,67,50,40,25,75,40,20,80,80,95,60,60,84,70,"Bloat, Tumors, Obesity, Walleye, Cancers, Epilepsy, Cataracts, Liver shunt, Narcolepsy, Back injuries, Elbow dysplasia, Polyneuropathy, Hyperthyroidism, Pattern baldness, Inherited deafness, Mitral valve disease, Keratoconjunctivitis, Legg-Calve-Perthes, Demodectic mange, Acanthosis Nigricans, Lymphocytic thyroiditis, Von Willebrand's disease, Intervertebral disk disease, Congenital night blindness, Autoimmune hemolytic anemia, Progressive Retinal Atrophy (PRA)","Everything about the Dachshund dog breed. Discover Dachshund coloring, sizing, traits, lifespan, and compare Dachshunds to other dog breeds.","The dachshund is a brave intelligent dog that can be stubborn at times. The breed has a lot of energy and enough stamina to keep up with hunters on horseback. They have an incredible digging instinct and an incredibly deep bark which many people mistake as coming from a much larger dog. The Dachshund was bred as a hunter. Over the last century or so, however, this formerly medium-sized, highly aggressive, and very versatile dog has been down-bred in size, made a lot less mean (even if they sometimes attack), and yet rem..."
Dalmatian,Utility,,,,13 - 16 yrs.,19 - 24 in.,50 - 55 lbs,80,95,80,80,66,67,67,75,80,50,75,80,60,80,70,60,60,60,63,60,"Highly intelligent, Extremely versatile, Willing to please, Fun-loving and comical, Excellent in obedience/agility trials, Fairly easily trained, Great stamina and work ethics, Socializes well with kids and other pets, Good watchdog abilities, Clean and self-maintaining","Everything about the Dalmatian dog breed. Discover Dalmatian coloring, sizing, traits, lifespan, and compare Dalmatians to other dog breeds.","Dalmatians make excellent family dogs and are spectacular for active owners. Since the breed was originally bred to run alongside horses and carriages, dalmatians have ample stamina to keep up on long hikes and runs. The Dalmatian is a member of the Non-Sporting group of breeds; dogs of this breed have been around for centuries, and have been utilized in a wide variety of activities including herding, retrieving, coach/carriage guarding, in circuses, and numerous others. These versatile, active, intelligent dogs are bes..."
Dandie Dismount Terrier,Terrier,,,,11 - 13 yrs.,8 - 11 in.,18 - 24 lbs,80,95,80,60,66,33,50,50,60,13,50,40,30,80,60,80,40,40,84,80,"Obesity, Epilepsy, Blindness, Glaucoma, Hip dysplasia, Skin allergies, Hypothyroidism, Luxating patella, Lymphosarcoma, Cushing's Syndrome, Intervertebral disk disease","Dandie Dinmont Terrier information, facts, and high-quality breed pictures. Learn everything about the Dandie Dinmont Terrier dog breed including temperament, care, and more.","The Dandie Dinmont Terrier is from the border territories where Scotland and England meet. This long-bodied, short-legged, big-headed dog was introduced to the rest of the world when the novel ""Guy Mannering,"" by Sir Walter Scott, was published in 1815. In the book, there's a character based on an actual farmer and owner of these dogs. Scott named the character Dandie Dinmont and two of the fictional terriers Mustard and Pepper. Although these dogs have been around for a few centuries, they were not known outside of the..."
Deerhound,Hound,,,,8 - 11 yrs.,28 - 32 in.,75 - 110 lbs,80,95,80,40,96,67,33,50,60,63,88,40,20,95,30,20,40,40,21,60,,"Everything about the Scottish Deerhound dog breed. Discover Scottish Deerhound coloring, sizing, traits, lifespan, and compare deerhounds to other breeds.","The scottish deerhound is a large dog breed. Adults often weigh in excess of 100 pounds and stand 28 to 32 inches tall from ground to shoulder. Despite the breed's size, the scottish deerhound is relatively inactive indoors making them a good companion inside homes (as long as you have a comfy couch). However, the breed's size will likely exceed the pet size restrictions most apartments have, so the scottish deerhound may not be the best apartment pet. The scottish deerhound does well with children, but does best with o..."
Dobermann,Working,,,,10 - 12 yrs.,24 - 28 in.,75 - 99 lbs,60,95,60,20,66,100,67,63,20,25,13,95,90,95,90,60,40,40,63,100,,"Doberman Pinscher information, facts, and high-quality breed pictures. Learn everything about the Doberman Pinscher dog breed including temperament, care, and more.","This breed prefers indoors as it prefers the presence of the owner or family, which it will always loyally and fearlessly protect. High levels of confidence and intelligence, along with a natural inclination to be loyal and obedient make this dog easily trainable and they retain their training tremendously well. If you are ever upset about your taxes and you have a Dobie, you should understand the irony in this combination. These dogs were bred by a German tax collector seeking superior protection while making his duty ..."
Dogue de Bordeaux,Working,,,,5 - 8 yrs.,23 - 27 in.,110 - 0 lbs,60,95,60,20,31,100,0,25,40,50,25,40,90,60,90,95,40,40,21,60,"Joint Issues: Hip Dysplasia, Elbow Dysplasia, Pano, Allergies: Food, environmental, Hyperkeratosis, Eye infections, Ectropion, Epilepsy, Cancer: Bone, Lymp System, Blood, Heart Disease: Aortic Stenosis, Dilated Cardiomyopathy","Dogue De Bordeaux information, facts, and high-quality breed pictures. Learn everything about the Dogue De Bordeaux dog breed including temperament, care, and more.","The Dogue de Bordeaux, also known as the French Mastiff, is a huge brachycephalic molosser breed. Contrary to their intimidating looks, they are quite calm, affectionate and companionable-- although they can make devoted, vigilant guard dogs if the situation necessitates it. They are usually very good with children and other pets, if well trained and socialized. They require little exercise or grooming maintenance and don't usually develop separation anxiety. The DdB should be housed indoors. Training may be easy or dif..."
English Setter,Gundog,,,,10 - 12 yrs.,23 - 27 in.,55 - 80 lbs,95,95,95,95,96,67,67,88,60,50,88,80,20,95,30,10,20,20,63,100,"Friendly, Very smart, Love children, Extremely elegant, Great with people, Outstanding hunter, Wonderful companion, Get along well with other dogs","English Setter information, facts, and high-quality breed pictures. Learn everything about the English Setter dog breed including temperament, care, and more.","The English Setter is a remarkable-looking hunting dog breed that is steeped in British history. These dogs are revered for their performance in dog shows and field trials alike. They are also highly prized for their ability to point out game from far away. English Setters are hunting dogs with a specific purpose, but they can be trained to do most any farm or field work except herding. They have also been long-bred to be family companions, and while they are fine pets, they do require a good amount of responsibility. F..."
English Toy Terrier (Black & Tan),Toy,,,,13 - 15 yrs.,8½ - 11½ in.,3½ - 7 lbs,80,95,80,60,66,83,67,50,100,25,38,60,30,95,20,95,20,20,63,90,"Small size allows them to live happily in apartments, Require little grooming and are naturally clean, Are not barkers unless necessary, Can spend moderate time alone, Are easily trained and housebroken, Versatility to hunt, play or cuddle on couch, Exercise needs can be easily met by most owners, Make proper alert dogs, Playful with most children (except very young), Gets along very well with other pets, Generally healthy and long lived","Toy Fox Terrier information, facts, and high-quality breed pictures. Learn everything about the Toy Fox Terrier dog breed including temperament, care, and more.","The Toy Fox Terrier is quite the versatile companion. He is effortlessly elegant and clean yet still possesses the lovable, amusing terrier personality. Your Mini can be hunter, couch potato, playmate, guardian, travel companion, and therapy dog all in one little package. This breed is great for any person except very small children that have not yet learned the dangers of rough play. TFTs thrive indoors and are perfectly sized for small dwelling, although they will be happy with some yard time. Here are a few quick Min..."
Entlebucher Mountain Dog,Working,,,,11 - 13 yrs.,16 - 21 in.,50 - 65 lbs,,,,,,67,67,75,,63,50,,30,,70,,,,,80,,"Everything about the Entlebucher Sennenhund dog breed. Discover Entlebucher Sennenhund coloring, sizing, traits, lifespan, and compare Entlebucher Sennenhunds to other dog breeds.","The Entlebucher Sennenhund, also called the Entlebucher Mountain Dog (and shortened to Entlebucher or just ""Entle""), is the smallest of the four Swiss sennenhunden (or ""mountain dogs""). The Entlebucher is an enthusiastic herding breed with a strong work ethic; these dogs are great as both working farm dogs or as pets for active families. Entlebuchers will require moderate care and maintenance, which should include a lot of exercise. A fairly rare breed outside its native Switzerland, as of 2020 the Entlebucher ranks 157..."
Estrela Mountain Dog,Pastoral,,,,11 - 15 yrs.,24 - 29 in.,75 - 130 lbs,,,,,,67,0,50,,63,38,,80,,80,,,,,80,,"Everything about the Estrela Mountain Dog dog breed. Discover Estrela Mountain Dog coloring, sizing, traits, lifespan, and compare Estrela Mountain Dogs to other dog breeds.","The Estrela will need moderate care and maintenance. The breed sheds seasonally, so it'll need consistent brushing (and daily brushing in the spring and fall); the Estrela will also require early training and socialization to ensure proper behavior around people and other animals. The Estrela Mountain Dog is recognized by most major clubs, but is still part of the American Kennel Club's Foundation Stock Service. The Estrela Mountain Dog is a versatile breed, as evidenced by its recognition in various breed groups in dif..."
Eurasier,Utility,,,,12 - 14 yrs.,18 - 24 in.,51 - 70 lbs,95,95,95,80,83,100,50,63,60,25,13,80,50,95,60,80,20,20,84,80,,"Eurasier information, facts, and high-quality breed pictures. Learn everything about the Eurasier dog breed including temperament, care, and more.","Eurasiers are medium sized with males standing at 21-24 inches at the shoulders and weighing in around 51-70 pounds. Females are smaller at 18-20 inches and 39-57 pounds. This breed was specifically intended to be the ideal family companion, and that it is! Excellent and intuitive with kids, and also a perfect addition to a multi pet household due to its lack of hunting instincts. They bond very closely with their family and it is a necessity that they be in your vicinity. This is not the best choice if you want a pet t..."
Finnish Lapphund,Pastoral,,,,12 - 14 yrs.,16 - 21 in.,33 - 53 lbs,95,95,95,95,83,67,33,50,80,75,75,95,30,95,90,80,40,40,84,80,"Great with children, Good with other dogs, Usually get along with cats, Natural herding abilities, Exercise buddy, Makes a good watchdog, Calm and gentle with the elderly and those with special needs, Can live indoors or out, Not difficult to train, Excels in agility, flyball and sports, Can live in very cold climates, Eye catching looks","Finnish Lapphund information, facts, and high-quality breed pictures. Learn everything about the Finnish Lapphund dog breed including temperament, care, and more.","The Finnish Lapphund's ancestors may be nearly 7,000 years old! Originating in the Lapland area (Northern Finland, Sweden and Russia), these dogs were companions to the nomadic Sami people. As civilization changed their primary job began to be herding reindeer for their human companions. Although the first breed standard was accepted by the Finnish Kennel Club in 1945, the standard for the modern Finnish Lapphund wasn't revised until 1996. The AKC recognized the breed in 2011. This breed is a great match for an owner or..."
Finnish Spitz,Hound,,,,13 - 15 yrs.,15½ - 20 in.,28 - 33 lbs,95,95,95,95,83,100,67,63,80,88,100,60,40,95,100,60,20,20,63,70,"Joint problems such as hip dysplasia, patellar luxation and elbow dysplasia, Epilepsy, Eye Problems","Finnish Spitz information, facts, and high-quality breed pictures. Learn everything about the Finnish Spitz dog breed including temperament, care, and more.","Finnish Spitz dogs, or Suomen-pystyykorva as they are known in Finland, is a gundog whose ancestors date back some 3,000 years. The Finnish Spitz, itself, is not quite that old and the original type is said to have mixed greatly with other European breeds; in fact, the purebred Finnish Spitz was so rare by 1880 the breed has to be pulled from the brink of extinction by fanciers Hugo Sandberg and Hugo Roos. Although in almost every country the breed is primarily a family companion, in their native land they are still hun..."
Fox Terrier (Smooth),Terrier,,,,12 - 15 yrs.,13 - 16 in.,17 - 19 lbs,80,80,80,60,66,100,67,75,80,25,63,95,30,95,70,60,60,60,63,70,"Highly intelligent, Affectionate towards kids and family, Fairly easily trained, Extremely playful and fun-loving, Don't shed much, Can usually tolerate being left alone, Good health, Low grooming requirements, Excellent watchdog abilities, Extremely athletic","Smooth Fox Terrier information, facts, and high-quality breed pictures. Learn everything about the Smooth Fox Terrier dog breed including temperament, care, and more.","The Smooth Fox Terrier is a medium-sized, short-haired dog breed that is predominantly white in color, with patches of brown and/or black. This breed is genetically similar to the Wire Fox Terrier (and until the twentieth century, Smooths and Wires were considered variants of the same breed). Smooth Fox Terriers are lively, bold, and intelligent; while they're affectionate toward children and families, the same may not be said for other pets. Dogs of this breed typically require a moderate amount of maintenance. Though ..."
Fox Terrier (Wire),Terrier,,,,10 - 15 yrs.,14 - 15 in.,17 - 19 lbs,80,80,80,60,66,100,67,50,80,13,25,95,70,95,70,60,60,60,63,90,"Highly alert, Love to play, Hypoallergenic, Great with kids, Don't bark much, Are extremely cute, Very good watchdogs, Don't shed much, if at all, More than a bit humorous","Wire Fox Terrier information, facts, and high-quality breed pictures. Learn everything about the Wire Fox Terrier dog breed including temperament, care, and more.","The Wire Fox Terrier was considered a variety of Fox Terrier until relatively recently. This bold, courageous, and highly active dog has a great sense of humor, a perpetual desire to run free, and requires a master whose velvet glove is just that: an iron fist tends to be far too much for these highly sensitive — if extremely stubborn — dogs. This is not a very common breed, but when you see one, you know it. Although they are appreciated as companion dogs, they remain highly prized hunting dogs who will stop at nothing..."
Foxhound,Hound,,,,10 - 12 yrs.,21 - 25 in.,65 - 70 lbs,75,80,80,80,66,100,67,100,80,50,88,60,50,80,60,5,60,30,32,60,"Sweet-tempered and easygoing, Easy to groom, Great with children, Exceptionally healthy, Adaptable to both hot and cold climates, Fantastic hunting abilities, Socializes well with other pets (especially other dogs), Low to moderate shedding","Foxhound information, facts, and high-quality breed pictures. Learn everything about the Foxhound dog breed including temperament, care, and more.","The American Foxhound is a member of the Hound group of breeds, and has excelled as a versatile hunting dog since the breed was first developed in the 1700s. These energetic dogs make terrific companions for most any outdoor activity, be it hunting, jogging, or playtime with kids; their gentle dispositions make them great family pets too--but keep in mind that they'll be happiest when other dogs (particularly other Foxhounds) are also present in the household. Some American Foxhound facts: they're medium-sized (height a..."
French Bulldog,Utility,,,,8 - 14 yrs.,11 - 14 in.,16 - 28 lbs,80,95,80,80,83,100,0,25,40,50,38,80,40,95,50,95,5,5,100,60,,"Everything about the French Bulldog dog breed. Discover French Bulldog coloring, sizing, traits, lifespan, and compare French Bulldogs to other dog breeds.","The French Bulldog is a small sized dog breed. Adults stand 11 to 12 inches tall from ground to shoulder and weigh between 16-28 pounds. This size makes the French Bulldog a good choice for families in apartments, condos, or for people who have limited space for a dog. The breed is large enough to be overlooked by most predators, but shouldn't be left outside unsupervised for long periods of time. The French Bulldog has many of the same behavioral characteristics as the English Bulldog. The breed can be stubborn and can..."
German Longhaired Pointer,Gundog,,,,12 - 14 yrs.,23 - 26 in.,60 - 70 lbs,75,87,87,60,86,50,50,50,50,25,13,78,70,66,70,28,65,83,81,80,,"German Longhaired Pointer information, facts, and high-quality breed pictures. Learn everything about the German Longhaired Pointer dog breed including temperament, care, and more.","The GLP is a medium sized breed with males at 24-28 inches at the shoulder and females at 23-26. Weight is somewhere close to 65 pounds. Members of this breed are gentle, loyal, affectionate, good-natured, highly trainable and a host of other wonderful qualities. They are sociable with dogs, make excellent playmates for children and a friendly to benign strangers. They will likely have strong hunting instincts so either raise them with smaller pets or keep them separately."
German Pinscher,Working,,,,12 - 14 yrs.,16 - 19 in.,25 - 35 lbs,60,95,60,40,48,100,67,50,0,25,63,80,90,95,80,60,60,60,63,80,"Hip dysplasia, Elbow dysplasia, Cardiac disease, Thyroid disorder, von Willebrand disease, Immune deficiency problems","German Pinscher information, facts, and high-quality breed pictures. Learn everything about the German Pinscher dog breed including temperament, care, and more.","The German Pinscher is also called the Miniature Pinscher. This breed was well-known and commonly found in Germany and central Europe prior to World War 2. They were used primarily as farm dogs for a few centuries prior to the mid-20th century, when they were all but wiped out. These dogs have since made a resurgence even though they are no long used widely as working dogs. They were formally recognized in Germany back in 1879, have since 1894 been actively promoted by the German Pinscher Schnauzer Club, but were not re..."
German Shepherd,Pastoral,,,,10 - 14 yrs.,22 - 26 in.,75 - 95 lbs,65,85,65,80,48,50,67,75,80,75,75,95,80,75,80,45,30,30,63,90,,"Everything about the German Shepherd dog breed. Discover German Shepherd coloring, sizing, traits, lifespan, and compare German Shepherds to other dog breeds.","The breed is a good choice for many families, but some of the breed's qualities can make them a less than ideal choice for some. While the breed is intelligent, they must be kept busy mentally and physically to prevent unwanted habits from forming and they are naturally wary of strangers which can make the breed intimidating for those who have many guests. Perhaps one of the more intriguing German Shepherd facts is the breed's compartmentalized versatility: while there are a great many things this breed can do, none of ..."
German Shorthaired Pointer,Gundog,,,,12 - 14 yrs.,22 - 24 in.,60 - 75 lbs,85,85,90,80,92,100,83,88,50,50,75,95,40,90,60,10,10,10,63,90,"Hip Dyspasia, Bloat, Osteochondritis Dessicans- disease of the joints, Eye Disease- Progressive Retinal Atrophy and Pannus, Hypothyroidism, Lymphedema- swelling due to a blockage in the lymphatic system, Epilepsy, Cancer","German Shorthaired Pointer information, facts, and high-quality breed pictures. Learn everything about the German Shorthaired Pointer dog breed including temperament, care, and more.","The German Shorthaired Pointer is a sporting dog through-and-through. They were recognized in their home country, Germany, in the late 1800s and quickly became popular with sportsmen in other countries around the globe; even the AKC recognized them as early as 1930. The acclaim comes from the quality of being so versatile: they track, they retrieve, they kill, and (of course) they point and they do all of this while being excellent companions. We recommend this breed for sportsmen, athletes and generally fit, active own..."
German Spitz (Klein),Utility,,,,13 - 15 yrs.,11 - 14 in.,23 - 40 lbs,60,95,40,40,66,67,33,50,60,38,50,80,50,60,70,80,20,20,84,60,"Easily bored, May bark a lot, Highly dominant, Very independent, Not hypoallergenic, High grooming needs, Highly suspicious of strangers","German Spitz information, facts, and high-quality breed pictures. Learn everything about the German Spitz dog breed including temperament, care, and more.","This small- to medium-sized, double-coated breed is instantly recognizable, highly independent, and a great companion for those who are up for the task of owning a great guard dog that loves to play. The term ""German Spitz,"" however, may apply to either the type or breed. The breed falls within the type, and so you should make sure to know the differences when looking up this dog. The type has been around for a very long time — some say it is the oldest of all dog types — whereas the breed is basically understood to hav..."
German Spitz (Mittel),Utility,,,,13 - 15 yrs.,11 - 14 in.,23 - 40 lbs,60,95,40,40,66,67,33,50,60,38,50,80,50,60,70,80,20,20,84,60,"Easily bored, May bark a lot, Highly dominant, Very independent, Not hypoallergenic, High grooming needs, Highly suspicious of strangers","German Spitz information, facts, and high-quality breed pictures. Learn everything about the German Spitz dog breed including temperament, care, and more.","This small- to medium-sized, double-coated breed is instantly recognizable, highly independent, and a great companion for those who are up for the task of owning a great guard dog that loves to play. The term ""German Spitz,"" however, may apply to either the type or breed. The breed falls within the type, and so you should make sure to know the differences when looking up this dog. The type has been around for a very long time — some say it is the oldest of all dog types — whereas the breed is basically understood to hav..."
German Wirehaired Pointer,Gundog,,,,9 - 12 yrs.,22 - 26 in.,60 - 70 lbs,49,61,49,6,36,100,100,75,92,25,50,79,40,60,70,3,49,4,4,90,,"German Wirehaired Pointer information, facts, and high-quality breed pictures. Learn everything about the German Wirehaired Pointer dog breed including temperament, care, and more.","German Wirehaired Pointers are members of the Sporting Group of breeds, and have been utilized as versatile hunting dogs since their creation in the late nineteenth century in Germany. As such, these dogs make excellent hunting companions, and they're good pets for active families willing to provide their GWPs with plenty of exercise. Some German Wirehaired Pointer facts: they're on the large side of medium-sized (height at the shoulders averages 24 inches, and weight 60 pounds), with short-haired, coarse double coats t..."
Giant Schnauzer,Working,,,,10 - 12 yrs.,24 - 28 in.,60 - 110 lbs,60,95,60,60,48,67,67,75,80,25,75,95,80,95,90,15,40,40,21,90,,"Giant Schnauzer information, facts, and high-quality breed pictures. Learn everything about the Giant Schnauzer dog breed including temperament, care, and more.","However confusing the name may be, this is not a giant sized dog, it is still considered a large breed. Females measure 23.5-25.5 inches at the shoulders and males are slightly larger at 25.5-27.5 inches. Members of this breed have a compact yet strong and commanding figure, weighing up to 95 pounds. Giant Schnauzers are intelligent, playful, alert and territorial. Their alertness makes for a fine watch dog and they are sometimes territorial and aggressive around strangers and other male dogs. Towards their owners and f..."
Glen Of Imaal Terrier,Terrier,,,,13 - 17 yrs.,14 - 16 in.,30 - 35 lbs,80,95,95,40,66,100,83,88,90,25,13,80,20,80,70,80,60,60,42,80,"Very strong, Low shedder, Skilled hunters, Great for rural life, Great working dog, Low grooming needs, Few health problems, Very high intelligence, Can tolerate hot weather well, Perfect for highly active people, Easy to train for the right person, Has a mild tolerance to cold weather","Glen Of Imaal Terrier information, facts, and high-quality breed pictures. Learn everything about the Glen Of Imaal Terrier dog breed including temperament, care, and more.","The Glen of Imaal Terrier is a dog breed that has been around for a few centuries. They were said to have been conceived in the late 16th century when mercenaries — hired by England's Queen Elizabeth I (to put down the rebellion in Ireland) — settled down in the Wicklow Mountains of Ireland. They apparently had their hounds breed with regional terriers, and thus was born the Glen of Imaal Terrier. The breed was recognized by the Irish Kennel Club in 1934, by The Kennel Club in 1975 and by the American Kennel Club in 200..."
Gordon Setter,Gundog,,,,12 - 14 yrs.,23 - 27 in.,55 - 80 lbs,80,90,90,40,66,50,67,75,60,50,88,80,30,95,50,60,20,20,42,80,"Bloat, Cataracts, Allergies, Entropion, Ectropion, Hip dysplasia, Hypothyroidism","Gordon Setter information, facts, and high-quality breed pictures. Learn everything about the Gordon Setter dog breed including temperament, care, and more.","The Gordon Setter is a centuries-old Scottish breed of gun dog. These dogs were the only such ones to be developed there but they are highly acclaimed worldwide for their gun, setting, and other hunting abilities. They are the heaviest of setter breeds, and while they are not as fast as other setters, they are remarkable in their own right. The Gordon Hunter is and always has been a gun dog and bird setter. They can be trained to be versatile hunters, however, and these days they tend to be guide dogs too. They are good..."
Grand Bleu De Gascogne,Hound,,,,10 - 12 yrs.,23 - 27½ in.,80 - 100 lbs,75,74,81,88,73,67,67,50,10,50,75,62,20,66,30,11,65,80,46,70,,"Everything about the Grand bleu de gascogne dog breed. Discover Grand bleu de gascogne coloring, sizing, traits, lifespan, and compare Grand bleu de gascognes to other dog breeds.","Grand Bleu de Gascogne Lil Shepherd CC BY Dog Breeds Grand Bleu De Gascogne Grand Bleu De Gascogne Dog Breed The Grand Bleu de Gascogne is a large purebred scenthound of French origin. It is first and fundamentally a hunting and working breed, and it still embodies many of the physical and temperamental characteristics of its ancient ancestors. It is excellent with people and other dogs though it may show some of its hunting instincts around smaller pets if it hasn't been socialized at a young age. These dogs are very s..."
Great Dane,Working,,,,7 - 10 yrs.,28 - 38 in.,100 - 200 lbs,95,95,95,95,96,67,33,50,80,50,75,80,30,95,50,20,20,20,21,50,,"Everything about the Great Dane dog breed. Discover Great Dane coloring, sizing, traits, lifespan, and compare Great Danes to other dog breeds.","Great danes are very people oriented and prefer to be with their family as much as possible. However their size can make it difficult for them to be ideal house dogs, so training is necessary since their size can make it easy for them to knock over small tables and furniture if excited. As one of the largest dog breeds in the world, it's not uncommon for great danes to weigh as much as their owner. Males can exceed 200 pounds and be as tall as 34 inches from ground to shoulder. Not surprisingly, the breeds size presents..."
Great Swiss Mountain Dog,Working,,,,10 - 11 yrs.,24 - 29 in.,105 - 140 lbs,95,95,95,95,66,100,17,50,40,50,88,60,70,95,90,20,60,60,42,60,"Bloatcataracts, Entropion, Panosteitis, Distichiasis, Swissy Lick, Hip dysplasia, Splenic torsion, Elbow dysplasia, Patellar Luxation, Female urinary incontinence, Osteochondrosis Dissecans (OCD)","Greater Swiss Mountain Dog information, facts, and high-quality breed pictures. Learn everything about the Greater Swiss Mountain Dog dog breed including temperament, care, and more.","The Greater Swiss Mountain Dog is an enormous dog which is surprisingly gentle. Although the breed has basically been revived after being mistaken as short-haired Bernese Mountain Dogs, they have apparently been around for some time in the northern regions of Europe. It's not difficult to distinguish these dogs from Berners, however, as they are much larger. A long time ago, the Greater Swiss Mountain Dog was primarily used to pull carts of all kinds: wood, dirt, rocks, food, and a multitude of items for sale in the str..."
Greenland,Working,,,,10 - 14 yrs.,22 - 25 in.,66 - 70 lbs,30,12,9,45,39,33,83,88,50,25,13,100,50,76,70,25,90,92,68,100,"Amazingly smart, Waterproof coat, Very fast runner, Remarkably tough, Great sledding dog, Astounding strength, Excellent team worker, Can subsist on little food, Very high tolerance to extremely cold climates","Greenland Dog information, facts, and high-quality breed pictures. Learn everything about the Greenland Dog dog breed including temperament, care, and more.","The Greenland Dog is an ancient breed and a large sledding dog. They are said to have first arrived in North America about 1,000 years ago via the Thule people from Siberia. These dogs first appeared in the UK around the mid-18th century, however, and were quickly recognized by the (then) newly established Kennel Club in 1880. The Fédération Cynologique Internationale (FCI) recognized the breed in 1967. Studies of the genetic markers (in 2015) have revealed that the Greenland Dog and the Canadian Eskimo Dog are one and ..."
Greyhound,Hound,,,,12 - 15 yrs.,25 - 30 in.,65 - 85 lbs,90,95,95,80,96,67,0,38,80,50,25,95,20,80,30,85,20,20,42,90,"Bloat, Cancer, Pannus, Cataracts, Hip dysplasia, Osteosarcoma, Cold sensitivity, Heart murmurs, Hypothyroidism, General alopecia, Chronic allergies, Early osteoarthritis, Tick-borne diseases, Esophageal achalasia, Vitreous degeneration, Musculoskeletal injuries, Sensitivity to anesthesia, Progressive Retinal Atrophy","Everything about the greyhound dog breed. Discover greyhound coloring, sizing, traits, lifespan, and compare greyhound to other dog breeds.","The breed is considered a friendly dog breed and can live indoors as well as outdoors making them apartment compatible. Many people are surprised to learn that the breed is calm and borderline lazy taking frequent naps throughout the day. Greyhounds do have a very strong prey drive, so they may not be best for families with cats or other small pets. Greyhounds were once used widely in Europe for hunting. Because of their running speed, many are used for racing. They are wonderful alone or in packs. They might not be the..."
Griffon Bruxellois,Toy,,,,12 - 15 yrs.,7 - 8 in.,7 - 12 lbs,80,90,50,95,57,50,67,50,100,25,75,60,30,90,70,90,0,5,5,70,"Very affectionate with family, Intelligent, Well-suited to apartment life, Socializes very well with other pets, Playful and fun-loving, Fairly easily trained, Quite athletic and agile, Low to moderate grooming required","Everything about the Brussels Griffon dog breed. Discover Brussels Griffon coloring, sizing, traits, lifespan, and compare Brussels Griffons to other dogs.","The brussels griffon is an intelligent dog which is very affectionate with their owner. They do best in homes with one or two owners as they tend to attach to individuals rather than groups. The breed can be a bit bossy, but owners that establish themselves as the alpha will get the attention and respect from the breed. The brussels griffon is a member of the Toy group of dog breeds. Originally developed in Belgium to hunt vermin, this playful, sensitive breed has become better known as a companion animal, and thus is b..."
Griffon Fauve De Bretagne,Hound,,,,12 - 13 yrs.,19 - 22 in.,35 - 45 lbs,70,74,85,55,79,83,33,50,0,50,50,88,50,69,60,40,50,63,71,80,"Excellent family companion- good with kids, Friendly with other dogs, Not aggressive towards strangers, Affectionate and loyal, Training is fairly easy, Grooming is low-moderate, Good for active owners","Griffon Fauve De Bretagne information, facts, and high-quality breed pictures. Learn everything about the Griffon Fauve De Bretagne dog breed including temperament, care, and more.","The Griffon Fauve de Bretagne is a medium sized scenthound hailing from the Brittany region or France. Despite the hard to pronounce name, these dogs are anything but high maintenance. They are versatile and courageous hunters while remaining affectionate companions suitable for families. This breed is dog friendly, somewhat low maintenance grooming, and easy to train. They are ideally suited for active owners with yards. This breed is a medium sized scenthound originating in the Brittany region of France. They are pass..."
Hamiltonstovare,Hound,,,,10 - 13 yrs.,19 - 24 in.,50 - 60 lbs,75,87,83,60,86,100,67,63,0,25,25,88,70,79,70,22,65,81,80,80,,"Hamiltonstovare information, facts, and high-quality breed pictures. Learn everything about the Hamiltonstovare dog breed including temperament, care, and more.","This is a medium to large sized breed. Adult males will reach a height of 21 - 24 inches; females will reach a height of 19 – 22 inches. These dogs will generally weigh between 50 and 60 lbs. As larger hounds, Hamiltonstovares are hunters that can conquer any terrain and make for solid guardians, though they will require a heavy exercise regimen. These hounds are well-mannered, friendly, and good with kids. Though they may be somewhat protective of their family, these dogs are not aggressive unless they sense a serious ..."
Harrier,Hound,,,,12 - 15 yrs.,19 - 21 in.,45 - 60 lbs,95,80,95,95,96,100,67,75,100,50,88,40,30,95,90,20,60,60,63,80,,"Harrier information, facts, and high-quality breed pictures. Learn everything about the Harrier dog breed including temperament, care, and more.","Harriers are medium sized hunting dogs bred to hunt hare. They look very similar to Beagles but are larger and more muscular-- and considerably more rare. They are people-dogs that require active, outdoorsy owners with plenty of time to spend with them. Harriers do well in families with kids and other dogs. They are low maintenance in regards to grooming but require lots of daily exercise. Harriers are fairly easy to train but their stubbornness and independence can get them into trouble if training isn't consistent. Th..."
Havanese,Toy,,,,12 - 15 yrs.,8 - 11 in.,7 - 13 lbs,95,95,80,95,96,67,67,50,60,13,75,95,10,95,10,95,20,20,100,70,,"Everything about the Havanese dog breed. Discover Havanese coloring, sizing, traits, lifespan, and compare Havanese to other dog breeds.","The havanese is a small sized dog breed. Adults stand 8 to 11 inches tall from ground to shoulder and weigh between 7 to 13 pounds. This size makes the havanese an ideal dog for families living in space-limited homes such as apartments and condos. Keep in mind that the havanese is not an outdoor dog as their small size makes them a potential target from predators. Since the havanese was originally bred to be a companion dog, they crave companionship. Havanese left alone become anxious and develop separation anxiety so t..."
Hovawart,Working,,,,10 - 14 yrs.,23 - 28 in.,60 - 100 lbs,80,80,80,60,48,100,50,63,80,50,50,80,100,80,100,40,60,60,63,90,"Good with children, Good with other pets if well socialized, Excellent guard dog and watch dog, Average barker unless on the alert, Wonderful exercise buddy, Trained easily by experienced owner, Affectionate therapy dog, Able to be trained to search and rescue, Can spend reasonable amounts of time alone, Coat requires little care (although long)","Hovawart information, facts, and high-quality breed pictures. Learn everything about the Hovawart dog breed including temperament, care, and more.","The Hovawart is a German farm or yard guarding breed noted as early as the 13th century. These dogs are prized for both their intelligent bravery and faithful companionship. The breed's talents don't stop there, however, and in addition to being a top ranking guard dog they excel in therapy work and search and rescue. The breed is not recommended for the inexperienced owner or an apartment dweller. They are very healthy dogs but still need daily outdoor exercise and plenty of interaction with people. Train and socialize..."
Hungarian Kuvasz,Pastoral,,,,10 - 12 yrs.,26 - 30 in.,100 - 115 lbs,40,95,20,40,31,67,50,75,80,50,75,40,90,80,90,20,20,20,21,90,"Eye disease such as Progressive Retinal Atrophy, Hip dysplasia and other joint disorder, Thyroid disease, Bloat","Kuvasz information, facts, and high-quality breed pictures. Learn everything about the Kuvasz dog breed including temperament, care, and more.","Since the breed was bred to protect families and livestock from wolves, coyotes, and other predators you can expect Kuvasz to be wary of any potential threat to their family. Because of this, it is important to train and socialize Kuvasz at an early age to help reduce tension with strangers and other animals. A member of the Working group of breeds, the Kuvasz dog breed was developed in Hungary centuries ago to be a livestock, property, and personal guardian; because of this history, these dogs are loyal to their famili..."
Hungarian Puli,Pastoral,,,,10 - 15 yrs.,14 - 18 in.,28 - 33 lbs,95,95,90,90,83,0,100,100,90,0,63,40,100,95,100,80,40,40,21,100,"Excellent herding dog, One of the most intelligent breeds, Fairly easy to train, Great with older kids, Good with other pets, Excellent watchdog, Playful, faithful and intuitive, Extremely unique look, Hypoallergenic, Great exercise buddy, Companionable-- wants to spend a lot of time with you!","Puli information, facts, and high-quality breed pictures. Learn everything about the Puli dog breed including temperament, care, and more.","The Puli is a Hungarian herding dog known most often for being ""the dog with the dreadlocks"". They have a unique bouncy, agile style while working and their mop-like coat protects then in the field. This breed requires more grooming maintenance than almost any other breed! These dogs are great family pets for households with older children and usually get along very well with other pets. They are one of the most intelligent breeds in the world and are fairly easy to train. Pulik need a lot of daily exercise and an equal..."
Hungarian Pumi,Pastoral,,,,12 - 14 yrs.,15 - 19 in.,25 - 29 lbs,80,95,80,60,48,100,50,50,60,25,88,95,90,95,80,60,80,80,84,70,"Loves children, Minimal shedding, Great guard dogs, Few health issues, Superb agility dog, Very easy to train, Remarkably playful, Vermin exterminator, Excellent watchdogs, Highly communicative, Gets along with other pets, Fantastic for highly active lifestyles, Those ears!","Pumi information, facts, and high-quality breed pictures. Learn everything about the Pumi dog breed including temperament, care, and more.","The Pumi is a Hungarian shepherding dog that has been around since the 17th or 18th century but is only now gaining worldwide popularity. Although the FCI recognized the breed in 1954, the United Kennel Club formally recognized the Pumi in 1996. The Kennel Club eventually followed suite in 2015, and the American Kennel Club finally recognized the dog in mid-2016. Members of this breed have plenty of energy and intelligence, plus they make good family pets. This is one of those rare breeds that once you have seen her, yo..."
Hungarian Vizsla,Gundog,,,,12 - 15 yrs.,21 - 25 in.,45 - 65 lbs,95,95,95,90,92,100,67,75,75,50,50,95,70,90,70,15,20,20,63,80,"Extremely loving, Loves agility play, Excellent gun dog, Superb hunting dog, Beautiful show dog, Makes friends everywhere, Works well with other dogs, Does very well in obedience, Will always be at your side, Top-notch scenting capabilities, Highly skilled competition breed, Tend to have very low ""doggy odor"", Is said to be a relatively healthy breed","Vizsla information, facts, and high-quality breed pictures. Learn everything about the Vizsla dog breed including temperament, care, and more.","This ancient hunting dog that is nevertheless very modern in her thinking is a rare breed from Hungary. The term visla in Hungarian basically means ""beagle,"" but it is used loosely to mean ""retriever,"" pointer"" and ""deer-hound."" The ""vizsla"" pronunciation tends to be incorrectly said with a short ""i."" Until the mid-20th century, these beautiful dogs were very difficult to acquire and nearly never seen outside the region. Members of this breed are excellent companions for active individuals or families. If you are lookin..."
Hungarian Wirehaired Vizsla,Gundog,,,,12 - 15 yrs.,21 - 25 in.,45 - 60 lbs,95,95,95,95,96,100,33,50,80,50,25,95,70,95,70,20,20,20,21,80,"Not hypoallergenic, Matures very slowly, Can be aloof to strangers, Tends to be destructive when bored, Serious hereditary health problems, Must be trained at a very early age, Must be exercised at length every day, Separation anxiety can develop quickly, Will dominate a household where there is no master, Doesn't respond at all well to harsh training methods","Wirehaired Vizsla information, facts, and high-quality breed pictures. Learn everything about the Wirehaired Vizsla dog breed including temperament, care, and more.",These dogs were originally bred and raised exclusively for gentlemen's clubs in Hungary. They were developed in the 1930s by cross-breeding a Vizsla with a German Wirehaired Pointer. They have a short but intriguing history. The Wirehaired Vizsla was formally recognized by the American Kennel Club (AKC) in 2014. The Wirehaired Vizsla is a breed that the AKC places in the Sporting Dog Group. They are not for first-time dog owners although they are great dogs for those who are experienced as well as ready to live a life a...
Ibizan Hound,Hound,,,,11 - 14 yrs.,23½ - 27½ in.,50 - 50 lbs,40,70,74,30,58,100,67,75,50,63,75,62,40,68,80,66,90,89,54,70,"Bloat, Hip Dysplasia, Deafness, Thyroid Disease, Seizures, Allergies, Eye Problems","Ibizan Hound information, facts, and high-quality breed pictures. Learn everything about the Ibizan Hound dog breed including temperament, care, and more.","The Ibizan Hound, or Podenco Ibicenco, is a breed hailing from Spain's Balearic Islands. Although most people think of partying when they hear ""Ibiza"" the island truly has a rich, spirited culture mirrored by these beautiful dogs. The breed is said to be ancient-- as ancient as 3100 B.C. where they can be seen in hieroglypic markings on Egyptian walls and artifacts. The Egyptian god Anubis is said to have the head of a direct ancestor of the Ibizan. It is thought the Phoenicians brought these canines to Ibiza as early a..."
Irish Red & White Setter,Gundog,,,,10 - 12 yrs.,22½ - 26 in.,50 - 70 lbs,80,95,80,80,83,67,83,88,40,50,50,80,10,95,60,20,20,20,63,80,"Lively, pleasant temperament, Skilled gundog, particularly for birds, Eager to please and easy to train, Great with children, Good with other pets, Tolerant of strangers, Great exercise buddy, Fairly low maintenance grooming","Irish Red And White Setter information, facts, and high-quality breed pictures. Learn everything about the Irish Red And White Setter dog breed including temperament, care, and more.","The Irish Red and White Setter can be found in artwork dating back to the 17th and 18th century and, by the end of the latter was a popular gundog for bird hunting. Red and Whites often hunt grouse, pheasant, ptarmigan, blackgame, snipe, woodcock, quail, willow grouse, sand grouse, guinea fowl, sagehen, and francolin. The breed was finally acknowledged by the AKC in 2009 as part of the sporting category. We recommend this breed for sportsmen, active individuals and families that have a large home and property for them t..."
Irish Setter,Gundog,,,,11 - 15 yrs.,25 - 27 in.,60 - 70 lbs,95,100,95,95,96,67,100,100,20,50,75,80,30,95,80,20,40,40,63,90,"Cancer, Epilepsy, Eye Diseases such as Progressive Retinal Atrophy (PRA), Bloat","Access helpful expert knowledge, data, tips, and everything you need to know about the Irish Setter dog breed.","Irish Setters will ideally find homes as gundogs or with an active, outdoorsy family-- the more space you have for them and the more time you can spend with them, the better! For hunters, this is a dog that can do it all: track via scent in the air as opposed to the group, point and retrieve. The cover land by quartering which refers to the zig-zag pattern they follow while picking up the scent of birds in the air. It's a fact the Irish Setter is an excellent family dog and will be a beautiful, loving addition to the ho..."
Irish Terrier,Terrier,,,,12 - 15 yrs.,16 - 18 in.,23 - 27 lbs,80,95,95,20,66,67,67,75,100,13,75,20,40,95,60,60,40,40,42,70,"Versatile, Rather small, Extremely bold, Weather-proof coat, Not many grooming needs, Not prone to separation anxiety, May not be good for apartment life","Irish Terrier information, facts, and high-quality breed pictures. Learn everything about the Irish Terrier dog breed including temperament, care, and more.","The Irish Terrier is the oldest of the four Terrier breeds from Ireland. The ban on ear-cropping that is recognized today in the UK was first pushed by the Irish Terrier Club in the 1880s. The Club first persuaded The Kennel Club to bar any Irish Terriers with cropped ears from competing. Over time, the ear-cropping ban became required for all dog breeds. These former farm dogs and ratters were quickly found to be great gundogs, and all of that was dialed up when they literally went to war in the early 20th century. The..."
Irish Wolfhound,Hound,,,,6 - 8 yrs.,32 - 35 in.,115 - 180 lbs,95,95,95,95,96,67,33,50,20,50,50,60,20,80,60,10,40,40,42,70,"Calm, gentle, patient, Loyal and close bond with family, Intelligent, easily trained, Great with children, Good with other pets, Not aggressive towards strangers, Quiet, only barks as necessary, Can spend reasonable amounts of time alone, Low maintenance grooming, Doesn't need a ton of exercise, Doesn't shed much, Eye catching physique","Everything about the Irish Wolfhound dog breed. Discover Irish Wolfhound coloring, sizing, traits, lifespan, and compare Irish Wolfhounds to other dog breeds.","Despite the breed's original purpose, they are considered a gentle giant and are overly friendly towards everyone. Irish wolfhounds do well with children and are friendly with other animals. Their friendly behavior makes them poor guard dogs, but their size generally intimidates any potential intruders before they realize the dog only want to play. Irish Wolfhounds are quite similar to greyhounds and are in the hound category. The utilize their keen sense of sight along with their speed and imposing size to take down la..."
Italian Greyhound,Toy,,,,12 - 15 yrs.,13 - 15 in.,7 - 14 lbs,90,95,90,75,79,100,33,50,60,25,63,60,30,80,80,95,10,15,95,80,,"Italian Greyhound information, facts, and high-quality breed pictures. Learn everything about the Italian Greyhound dog breed including temperament, care, and more.","Italian Greyhounds are low maintenance: low grooming requirements, medium energy, and fairly easy to train. As an owner, you must be able to keep an eye on them; they are very athletic, can jump high and squeeze through small areas. Italian Greyhounds are very friendly dogs to children, other pets, and their frequent acquaintances, but to strangers they may be timid and reserved. Large high energy dogs and children that do not know how to handle pets with gentleness should be highly supervised with these dogs, as their ..."
Italian Spinone,Gundog,,,,9 - 12 yrs.,22½ - 27½ in.,61 - 85 lbs,80,95,95,80,96,100,33,50,40,25,25,80,70,60,70,60,20,20,84,90,"Decent watchdog, Low grooming needs, Few health problems, Dignified once mature, Loves to play with kids, Gets along well with other dogs, Demands constant companionship","Spinone Italiano information, facts, and high-quality breed pictures. Learn everything about the Spinone Italiano dog breed including temperament, care, and more.","This ancient breed, which is said to date back to around 500 B.C., is an Italian hunting dog that is also a remarkable gun dog. The shaggy, wire-haired coat and distinctive ""beard"" has been remarked upon over the last couple of millennia. They are not the easiest dogs to live with, and they require more than most dogs in order for them to fulfill their potential. Although they have been around for a very long time, the American Kennel Club (AKC) only formally recognized the breed in the year 2000. The Spinone Italiano i..."
Jack Russell Terrier,Terrier,,,,10 - 15 yrs.,10 - 15 in.,13 - 17 lbs,90,95,75,90,79,100,100,63,80,25,38,80,20,95,60,60,80,80,42,90,,"Everything about the Jack Russell Terrier dog breed. Discover Jack Russell coloring, sizing, traits, lifespan, and compare Jack Russells to other dog breeds.","Jack russells are devoted to their family and enjoy spending as much time with them as possible. Due to their small size and escape artist skills they are recommended as indoor dogs. The jack russell is a small dog breed that is usually 10-15 inches in height from ground to shoulders and weighs between 13-17 pounds. Don't let their small size food you, these dogs are full of energy since they were bred to keep up with the horses on fox hunts and have enough energy left to chase foxes."
Japanese Akita Inu,Utility,,,,10 - 12 yrs.,24 - 28 in.,70 - 130 lbs,35,90,15,15,48,67,33,50,80,50,25,40,80,95,50,40,15,15,42,60,"Courageous and loyal, Very intelligent, Unparalleled guard dog skills, Affectionate and playful with family members, Good work ethic, Low to moderate barking tendencies, Adapts well to cold climates, Extremely clean and self-maintaining","Everything about the Akita dog breed. Discover Akita coloring, sizing, traits, lifespan, and compare Akitas to other dog breeds.","The akita is known for their stubbornness, so they may not be the best choice for a first time dog owner. They make a good family dog, but can be aggressive towards other dogs (especially if they are the same sex). The Akita is a member of the Working group of breeds, and has been utilized as a guard dog and large-game hunter for centuries. These powerful, protective dogs are quite affectionate with and loyal to their families--and suspicious of (and often dangerously aggressive towards) everybody else. As such, Akitas ..."
Japanese Chin,Toy,,,,10 - 12 yrs.,8 - 11 in.,4 - 9 lbs,60,60,60,60,83,100,33,38,60,38,25,60,10,80,50,95,20,20,84,50,"Heart issues such as murmurs are common and heart failure is the leading cause of death among Japanese Chin dogs., Eye disease is common to the breed-- especially as they age. Cataracts is just one example. They are also prone to eye infections and irritations due to their protruding eyes., Joint problems such as hip dysplasia, elbow dysplasia and patellar (knee) luxation are common., Spinal deformities are sometimes detectable in baby Japanese Chins and may or may not cause issues., Thyroid disease can be detected via blood test., Epilepsy is sometimes seen in the breed., Respiratory Distress Syndrome is common due to the short muzzle.","Everything about the Japanese Chin dog breed. Discover Japanese Chin coloring, sizing, traits, lifespan, and compare Japanese Chins to other dog breeds.","Japanese chins do well in a variety of environments, but they are companion dogs and prefer being with their owner as often as possible. Their small size makes them an ideal pet for a small home, apartment, or condo. They are considered a happy dog breed, and get along well with just about everyone and other pets. The Japanese Chin may be the perfect companion for those seeking an indoor lap dog. Members of this breed are very versatile-- old or young, apartment or palace-- the Chin will warm your feet and your heart. T..."
Japanese Shiba Inu,Utility,,,,12 - 16 yrs.,13 - 17 in.,18 - 23 lbs,60,80,60,60,66,67,50,50,60,50,75,40,40,60,70,95,95,95,84,70,,"Everything about the Shiba Inu breed. Discover Shiba Inu coloring, sizing, traits, lifespan, and compare Shiba Inus to other dog breeds.","The breed is well known for their bold fearless attitude, high intelligence, acrobatic like agility, and occasionally stubborn behavior. Putting all of these traits into a small dog yields an amusing dog breed that owners will never get bored of. The shiba inu is a small dog breed. Males weigh no more than 23 pounds and stand 16 inches tall from ground to shoulder. This size makes the breed easy to travel with and ideal companions for apartments and smaller homes yet large enough to avoid being preyed upon by larger ani..."
Japanese Spitz,Utility,,,,10 - 16 yrs.,12 - 15 in.,17 - 20 lbs,80,80,95,80,48,67,67,50,60,63,75,80,30,80,70,80,40,40,84,70,"Extremely affectionate and sociable, Incredibly ""tidy""; normally keep themselves clean and have no ""doggie odor"", Relatively long lifespan (12-16 years), Excellent watchdog ability, Loyal, Great with children, Few health problems, Playful and active, Adapts to most living environments (home or apartment), Easily trained, Socializes well with other pets","Japanese Spitz information, facts, and high-quality breed pictures. Learn everything about the Japanese Spitz dog breed including temperament, care, and more.","The Japanese Spitz is a small- to medium-sized breed with a long, luxurious double coat that is always white in color. First bred in Japan in the early twentieth century to be a companion dog, the typical Japanese Spitz is personable, lively, and a bit strong-headed if not given proper training. Dogs of this breed are low-maintenance, healthy, and extremely clean. The Japanese Spitz, like most other Spitz breeds, is a member of the Non-Sporting Group. This breed was created in Japan in the early twentieth century to ser..."
Keeshond,Utility,,,,12 - 15 yrs.,17 - 18 in.,30 - 45 lbs,95,95,95,80,83,67,33,50,60,75,88,80,40,95,100,80,20,20,84,100,"Great with children, Alert watchdog, Outgoing with other dogs, Friendly towards strangers, Loving and attentive, Good at agility events and sports, Eager to please and super smart, Easy to train, Adaptable to any home size, Fairly easy to exercise, Generally very healthy","Keeshond information, facts, and high-quality breed pictures. Learn everything about the Keeshond dog breed including temperament, care, and more.","The Keeshond is an arctic Spitz-type breed originating in the Netherlands. They are best known as watchdogs for boats and barges although they were bred primarily as family companions and watchdogs. These dogs are known for their long, fluffy coats that are double-layered and weather resistant (but not hypoallergenic). They are tolerant and playful with kids, good with other dogs and friendly with visitors. Members of this breed are very adaptable to a variety of living situations but they do require outdoor playtime an..."
Kerry Blue Terrier,Terrier,,,,12 - 15 yrs.,17 - 20 in.,32 - 40 lbs,,,,,,33,67,75,,25,63,,50,,80,,,,,70,,"Everything about the Kerry Blue Terrier dog breed. Discover Kerry Blue Terrier coloring, sizing, traits, lifespan, and compare Kerry Blue Terriers to other dog breeds.","The Kerry Blue Terrier, as its name suggests, is a member of the Terrier group of breeds. Though originally developed to be an all-purpose farming and hunting dog, the Kerry is now mainly utilized as a family pet. (This handsome breed performs highly in dog shows as well.) Overall, Kerry Blues are best suited as companions to active families, preferably those with large yards to accommodate these dogs' high exercise requirements. And since this breed may not get along with other dogs, it's best if a Kerry lives in a ""on..."
King Charles Spaniel,Toy,,,,10 - 12 yrs.,10 - 11 in.,8 - 14 lbs,80,95,20,80,83,67,0,25,40,50,50,60,30,80,30,80,20,20,84,70,"Extremely affectionate, Well-suited for apartment life, Great for first-time owners, Low exercise requirements, Willing to please, Easy to house-train, Normally calm and even-tempered, Mostly low-maintenance","King Charles Spaniel information, facts, and high-quality breed pictures. Learn everything about the King Charles Spaniel dog breed including temperament, care, and more.","Members of this breed are decent family dogs, but they are best suited as companion dogs — meaning they prefer the company of one person for life — and they do very well as apartment dogs. They require a moderate amount of maintenance, have more than a fair amount of health issues and tend to be ambivalent in the company of other people and pets. These efforts are balanced by the fact they require little work from you to exercise them other than a few walks per week. King Charles Spaniel facts: dogs of this breed are me..."
Komondor,Pastoral,,,,10 - 12 yrs.,23 - 27 in.,90 - 110 lbs,60,95,60,20,31,17,33,50,40,25,75,80,90,80,90,40,20,20,21,90,"Bloat, Entropion, Hip dysplasia, Juvenile cataracts","Komondor information, facts, and high-quality breed pictures. Learn everything about the Komondor dog breed including temperament, care, and more.","The Komondor is a Hungarian Sheepdog that is somewhat common in parts of Europe but rather rare in the United States. These large dogs are significantly serious in demeanor, and they don't care to romp and play too much. It is not unusual for people to confuse a Kom with Puli, but there are many differences despite the single commonality of both breeds' corded coats. Komondors were bred exclusively to be Livestock Guardian Dogs. They are huge, they have few health concerns, and they are covered with a massive, thick, co..."
Kooikerhondje,Utility,,,,12 - 14 yrs.,14 - 16 in.,20 - 40 lbs,40,60,40,40,48,100,33,63,100,50,25,80,70,80,100,80,40,40,63,100,"Excellent temperament- happy, willing to please, Hard working sporting dog, Property watchdog, Keeps property free of varmint, Easy to train, Adapts well to indoor living, Enjoys exercising with you, Attentive and loyal towards trusted people, Fairly easy to groom, Not aggressive","Kooikerhondje information, facts, and high-quality breed pictures. Learn everything about the Kooikerhondje dog breed including temperament, care, and more.",The Kooikerhondje is the breed you probably have never heard of by name but may remember seeing in paintings! Spaniel-like in appearance they are medium sized with medium length orange and white coats (with characteristic feathered ears). They make for easily trained hunting companions and enjoy keeping watch over home and yard in their free time. The best match for this breed is an active owner with a quiet household that includes no small critters as pets. Kooikerhondjes may live 12-14 years. The Kooikerhondje has a f...
Korean Jindo,Utility,,,,12 - 14 yrs.,16 - 25 in.,40 - 50 lbs,80,95,60,60,83,50,67,75,80,63,25,40,60,80,10,60,40,40,42,100,"Staunchly loyal, Great guard dogs, Superb watchdogs, Extremely protective, Low grooming needs, Excellent hunting dogs, Uncommonly courageous, Preference for being indoors","Jindo information, facts, and high-quality breed pictures. Learn everything about the Jindo dog breed including temperament, care, and more.","The Jindo is a medium-sized Spitz-type dog rarely found outside Korea and Japan. It is a remarkably adept hunting dog whose training, socialization and management is extremely difficult — but which is equally rewarding for those who have the capability and experience to raise these wonderful, beautiful and talented purebred dogs. It was only in the 1980s that the dog began to get introduced to the Western world; the South Korean government has long maintained severe restrictions that make it very difficult to export Jin..."
Korthals Griffon,Gundog,,,,12 - 14 yrs.,20 - 24 in.,50 - 60 lbs,95,95,95,80,96,100,67,75,80,25,25,95,20,95,50,20,20,20,63,100,"Great with kids, Good with other pets, Friendly with strangers, Excellent gundog and retriever, Perfect exercise buddy, Highly trainable and willing to please, Low maintenance, Not a frequent barker, Can spend time indoors and out, Devoted and loves spending time with you, Said to be hypoallergenic","Wirehaired Pointing Griffon information, facts, and high-quality breed pictures. Learn everything about the Wirehaired Pointing Griffon dog breed including temperament, care, and more.","The Wirehaired Pointing Griffin is both unbeatable hunting partner and excellent family companion. They work closely with the hunter as a gundog in the field but also are equally adept retrievers that love water. According to the AKC they have been called the ""4 wheeler of all dogs"" due to their drive to dive right into difficult brush. Members of this breed are highly trainable and willing to please; they're also softies that need plenty of daily interaction with their owners. The best situation for a WPG is to live in..."
Lagotto Romagnolo,Gundog,,,,15 - 17 yrs.,16 - 19 in.,28 - 35 lbs,60,60,60,60,66,67,33,50,80,0,50,80,30,80,70,40,60,60,84,80,,"Lagotto Romagnolo information, facts, and high-quality breed pictures. Learn everything about the Lagotto Romagnolo dog breed including temperament, care, and more.","They are intelligent and love to please, making them easily trainable and extremely versatile; they are also presently employed as therapy/crisis dogs as well as allergen sniffing dogs for gluten and peanuts. Lagottos are quite low maintenance; they are hypoallergenic and require clipping as needed and monthly bathing. Members of this breed are affectionate and loving so they are great with children and make ideal indoor pets. Decreased prey drive allows them to be appropriate for multiple pet households. This breed nee..."
Lakeland Terrier,Terrier,,,,12 - 15 yrs.,13 - 15 in.,15 - 18 lbs,80,95,80,60,66,83,50,63,100,0,75,40,50,80,90,80,40,40,63,90,"Check the ears weekly for dirt and debris to prevent infections., Brush the teeth as often as possible-- start when they are puppies., Continue to make yearly check up appointments with your veterinarian.","Lakeland Terrier information, facts, and high-quality breed pictures. Learn everything about the Lakeland Terrier dog breed including temperament, care, and more.","This page is designed to give you the 101 on the Lakeland Terrier dog breed in a quick list of pros and cons. Lakies are rare in the United States and many other countries, in fact, many passerby on the street may mistakenly think you have a small Airedale or even a Wire Fox Terrier . The breed hails from the Lake District of northern England and has the thick, wiry weather-resistant coat to prove it. Although originally bred to hunt fox that plague herds of sheep, they can make great companions for outdoorsy individual..."
Lancashire Heeler,Pastoral,,,,12 - 15 yrs.,10 - 12 in.,13 - 18 lbs,60,80,60,60,66,100,67,75,80,50,75,60,90,80,100,40,60,60,42,90,"Herds cattle, Removes vermin such as rats and rabbits, Can be trained as a hunting partner and retriever, Can be trained as a therapy dog, Affectionate and lively, Pretty trainable with a firm owner, Great for families, Friendly towards friendly strangers, Alert watchdog, Good with other dogs, Low maintenance grooming, Can participate in moderate exercise with you","Lancashire Heeler information, facts, and high-quality breed pictures. Learn everything about the Lancashire Heeler dog breed including temperament, care, and more.","The Lancashire Heeler, also known as the Ormskirk Heeler, is a breed native to the United Kingdom. They are known for their herding and ratting abilities, black and tan coats, plus their ""smile"" which they may show you when they are content. These versatile dogs also make great companions for families or active individuals. They are lively and alert, making them excellent watchdogs but are usually friendly. The breed is low maintenance in regards to grooming but is prone to several serious health issues. Finally, Lancas..."
Large Munsterlander,Gundog,,,,12 - 15 yrs.,23 - 25½ in.,50 - 70 lbs,78,91,86,65,91,67,100,100,100,50,75,94,60,95,70,9,25,19,69,90,"Very friendly, Great gun dogs, Superior hunter, Born to retrieve, Highly energetic, Exceedingly loyal, Extremely playful, Wonderful with kids, Low grooming needs, Brilliant tracking ability, Generally low shedders, Loves water and swimming, Top-notch sense of smell, Gets along well with other dogs, One of the most intelligent breeds","Large Munsterlander information, facts, and high-quality breed pictures. Learn everything about the Large Munsterlander dog breed including temperament, care, and more.","The Large Munsterlander came about in 1909 when the breed standard for the German Longhaired Pointer no longer included black in the coat color. This didn't affect the not-yet-named dogs otherwise, and by 1919, it was its own breed and a superior hunting dog to boot. Today, the Large Munsterlander is known as one of the most versatile gun dogs to be had, even if it is rare. According to the Munsterlander Club of North America, there are only about 1,000 of these dogs in the United States and Canada. The Large Munsterlan..."
Leonberger,Working,,,,8 - 10 yrs.,25½ - 31½ in.,120 - 170 lbs,85,95,80,60,48,50,33,75,20,50,50,40,50,80,70,20,40,40,21,80,,"Leonberger information, facts, and high-quality breed pictures. Learn everything about the Leonberger dog breed including temperament, care, and more.","The Leonberger is a huge dog; males and females are easily distinguishable by size. The male is typically 28-31.5 inches at the shoulder while females are 25.5-29.5 inches. Weight for males is 120-170 pounds for males, females 100-135 lbs. The ideal family companion, Leos are sociable with friendly strangers and other pets, and excellent with children. They are calm, gentle and intuitive while still managing to be friendly and playful."
Lhasa Apso,Utility,,,,12 - 15 yrs.,9 - 11 in.,12 - 15 lbs,55,80,60,60,48,33,0,25,60,25,63,60,90,95,90,90,80,80,100,70,"Loving, playful towards the owner or family, Clownish and entertaining, Can be left alone for reasonable amounts of time, Generally healthy and long lived, Perfectly sized for apartments, Hypoallergenic, Easily exercised, Good watch dog","Everything about the Lhasa Apso dog breed. Discover Lhasa Apso coloring, sizing, traits, lifespan, and compare Lhasa Apsos to other dog breeds.","The lhasa apso is an intelligent dog breed, but they can be stubborn and often want to do their own thing instead of follow their owners commands. This can make it a challenging breed for novice or inexperienced dog owners. The Lhasa is classified as a Toy breed and Companion Dog according to the FCI and is grouped in the AKC's non sporting group. They are of ancient origin, hailing from the harsh mountainous areas of Tibet. These dogs worked as guardians of the interior of homes and other buildings-- some even in lives..."
Lowchen (Little Lion Dog),Toy,,,,12 - 14 yrs.,11 - 14 in.,12 - 18 lbs,95,95,95,80,83,33,33,50,90,13,75,90,30,95,60,95,20,20,84,40,"Cataracts, Patellar luxation, Progressive Retinal Atrophy (PRA)","Lowchen information, facts, and high-quality breed pictures. Learn everything about the Lowchen dog breed including temperament, care, and more.","The Lowchen is a recently renamed dog breed that has been around for about half a millennium. Formerly called the ""Little Lion Dog,"" Lowchen pronunciation is different in the European countries where the largest number of this rare dog is found. It is a toy breed and recognized by most kennel clubs as such save for the AKC which formally recognizes it as a non-sporting breed. The rarity of this breed is found in the fact that in 1973, there were fewer than 70 registered worldwide. These days, there are only a few hundre..."
Maltese,Toy,,,,12 - 15 yrs.,8 - 10 in.,4 - 9 lbs,80,90,60,80,48,33,67,25,60,25,75,85,10,80,10,90,5,10,89,70,"Mini Maltese (or Maltese Mini), Toy Maltese (Maltese Toy), Micro Maltese (Maltese Micro), Miniature Maltese (Maltese Miniature), Maltese Toy Dog (Maltese Dog Toy)","Everything about the Maltese dog breed. Discover Maltese coloring, sizing, traits, lifespan, and compare Maltese to other dog breeds.",Maltese are prone to being spoiled and can develop unfavorable temperaments towards other dogs and children if they are overly pampered by their owners. As a companion dog they can develop separation anxiety if left alone for long periods of time. The maltese is one of the smallest toy dog breeds. This combined with the popularity of even smaller versions of toy dogs has made the maltese sought after since they rarely get to 7 pounds and are 8-10 inches tall. Their small size makes them an ideal companion dog for owners...
Manchester Terrier,Terrier,,,,14 - 16 yrs.,13 - 17 in.,10 - 22 lbs,60,80,60,60,66,100,67,75,40,50,75,40,40,80,80,95,60,60,63,70,"Very intelligent, Devoted and loyal to family, Adapts well to apartment life, Minimal grooming required, Excellent watchdog ability, Socializes well with children (particularly older ones), Outgoing and social with both family and strangers, Excels in agility/obedience trials, Relatively long lifespan (14-16 years), Sheds only moderately","Manchester Terrier information, facts, and high-quality breed pictures. Learn everything about the Manchester Terrier dog breed including temperament, care, and more.","Dogs of this breed, in both variations, have the typical terrier temperament: feisty, loyal, and stubborn. Manchesters require moderate maintenance (little grooming, some training, and lots of exercise), and have fairly good health histories. Overall, these dogs are best suited for active families who can provide their dogs with plenty of attention, and are willing to handle their spunky personalities."
Maremma Sheepdog,Pastoral,,,,11 - 13 yrs.,25 - 29 in.,75 - 100 lbs,80,85,85,80,53,100,33,63,60,63,13,90,100,80,100,20,70,70,53,90,"Excellent guardian of livestock, The utmost protective and loyal dog, Hardworking and dedicated, Thrives on large properties, farms, ranches, Gets along well with other animals of all types, Affectionate towards their owners and animals, Little grooming required, Calm and laid-back when not working, Independent, not prone to separation anxiety, Can make good exercise partners, Healthy, impressive looking dogs","Maremma Sheepdog information, facts, and high-quality breed pictures. Learn everything about the Maremma Sheepdog dog breed including temperament, care, and more.","The Pastore Maremmano Abruzzese (shortened to Maremma) originated in the Marammano and Abruzzo regions of central Italy; they were once considered two separate breeds, one from either region, but due to little differences the ENCI of Italy combined the two types into one breed as of 1958. Although their original duty was to guard flocks of sheep from wolves, their duties have since expanded to guarding all types of animals from livestock to penguins! They are also top notch guard dogs for person and property. As a natur..."
Mastiff,Working,,,,6 - 10 yrs.,27 - 32 in.,130 - 220 lbs,80,95,95,40,48,67,33,50,60,50,50,60,70,80,60,40,60,60,21,30,English Mastiff: aka simply a Mastiff; largest mastiff breed,"Everything about the Mastiff dog breed. Discover Mastiff coloring, sizing, traits, lifespan, and compare Mastiffs to other dog breeds.","The breed is known for their companionship and enduring care and love for their family. They make excellent guard and watch dogs, as most intruders (and guests) are intimidated by a 220 dog watching them approach their property. The dog's size does take a toll on their body as the average mastiff lifespan is roughly 60% the lifespan of the average dog. There is no doubt that the mastiff is considered a giant dog breed. Males can often exceed 220 pounds and be as tall as 30 inches from ground to shoulder. In 1989 a masti..."
Miniature Pinscher,Toy,,,,10 - 14 yrs.,10 - 12 in.,8 - 11 lbs,60,95,60,40,66,100,83,50,60,25,63,60,10,95,60,95,40,40,63,50,,"Everything about the Miniature Pinscher dog breed. Discover Mini Pin coloring, sizing, traits, lifespan, and compare Mini Pins to other dog breeds.","Mini pinschers have a strong pack leader mentality and if you don't fit that role, they will fill it for you. This can make the breed a bit challenging for inexperienced dog owners. Unlike other toy dog breeds, the mini pinscher is sturdy and can tolerate rougher play without injury than similar sized dogs. Miniature pinschers resemble many dogs, but they are most commonly mistaken to be a miniature version of the doberman. The mini pinscher definitely has a big dog in a small dog's body mentality. The breed is known fo..."
Miniature Schnauzer,Utility,,,,12 - 14 yrs.,12 - 14 in.,11 - 20 lbs,80,95,60,60,66,33,33,50,60,25,88,95,40,80,80,80,95,95,63,80,,"Miniature Schnauzer information, facts, and high-quality breed pictures. Learn everything about the Miniature Schnauzer dog breed including temperament, care, and more.","Originally bred in Germany to hunt rats, this breed is athletic, streamlined, and handsome. With its trademark facial hair, some Mini Schnauzer owners enjoy having their dogs professionally groomed – while others learn to do it themselves. This breed is somehow charming and selfish at the same time, and will undoubtedly assert itself as a member of the family. This breed is ideal for a single pet household and older or no children. They can get along with other dogs, however, of lesser or equal size. Minis are very vers..."
Neapolitan Mastiff,Working,,,,6 - 9 yrs.,24 - 31 in.,130 - 155 lbs,60,95,80,40,31,100,0,25,40,50,13,60,100,80,100,40,20,20,21,60,"Excellent guard dog, Loving and loyal, Protective and calm around children of the household, Easy to groom, Doesn't require much exercise, Unforgettable looks, Can live indoors (apartments ok), Yard not necessary","Neapolitan Mastiff information, facts, and high-quality breed pictures. Learn everything about the Neapolitan Mastiff dog breed including temperament, care, and more.","Mastinos have history as war dogs, fighting dogs and guardians. Their origin dates as far back as the time of Alexander the Great, however, the breed's ancestors were fearsome beasts of war as early as 3,000 B.C.! The modern Neapolitan Mastiff flourished in Campania, Italy as personal and estate guardians. The breed is known for quietly creeping up on intruders and handling them appropriately rather than sounding a noisy alarm. Neapolitan Mastiffs will attack if necessary to protect their owner and this can make a poorl..."
Newfoundland,Working,,,,8 - 10 yrs.,25 - 30 in.,100 - 150 lbs,95,95,95,80,83,50,33,50,15,75,13,85,20,85,30,10,20,20,63,70,,"Everything about the Newfoundland dog breed. Discover Newfoundland coloring, sizing, traits, lifespan, and compare Newfoundlands to other dog breeds.",Newfoundlands are intelligent dogs with a strong desire to please their owner. This combined with their work ethic makes the dog easy to train and an ideal companion for any family. Newfoundlands are a giant dog breed. Adults stand 25-29 inches tall from ground to shoulder and weigh between 100-150 pounds. Their size can make it difficult for the breed to live in small environments (such as apartments and condos) and do best in a home with ample space. The breed does best in cooler climates as newfoundlands can overheat...
Norfolk Terrier,Terrier,,,,13 - 18 yrs.,9 - 10 in.,10 - 11 lbs,80,70,75,70,83,83,33,25,100,25,75,60,60,70,90,85,50,30,53,60,"Affectionate, companionable, Hypoallergenic, Easily exercised, Fairly obedient, Good watch dog, Good for flushing small game, Will keep your home free of vermin, Social and even tempered, Good with other dogs, Adaptable to city or country, Apartments ok, No yard necessary","Norfolk Terrier information, facts, and high-quality breed pictures. Learn everything about the Norfolk Terrier dog breed including temperament, care, and more.","The Norfolk is a small sized dog and member of the AKC's Terrier group. They originated in the early 1990s in England and became quite popular for their ratting and flushing skills. This meant they were adaptable to both city and country living. This breed is quite social, affectionate and even-tempered for a terrier while still remaining alert, tenacious and extremely busy. We recommend the breed for most households-- except those with small rodent-like pets. You can browse the following Norfolk Terrier facts to get an..."
Norwegian Buhund,Pastoral,,,,12 - 15 yrs.,16 - 19 in.,31 - 40 lbs,80,76,81,88,68,100,67,75,100,63,88,88,80,83,100,29,50,60,62,80,"Hip dysplasia is common in many breeds and results in reduced mobility., Eye disease is common to the Norwegian Buhund., Von Willebrand's Disease is a blood clotting disorder than can result in severe bleeding-- even from a minor wound.","Norwegian Buhund information, facts, and high-quality breed pictures. Learn everything about the Norwegian Buhund dog breed including temperament, care, and more.","The Norwegian Buhund, also referred to as the Norsk Buhund or Norwegian Sheepdog, is a Spitz-type breed hailing from Norway. Buhund type skeletons have been found in Viking burials dating back as early as 900 A.D. The centuries since have seen them have herding sheep and guarding properties. They are also very friendly family-oriented pets that make perfect companions for active individuals as well as families with children. Norwegian Buhunds have the typical Spitz-type looks typical for cold weather dogs: double coats,..."
Norwegian Elkhound,Hound,,,,12 - 15 yrs.,19 - 20 in.,53 - 57 lbs,80,95,80,80,83,50,67,75,80,63,75,40,90,80,90,80,40,40,84,100,"Fearless, Highly active, Excellent sight, Extremely loyal, Superb hearing, Very people-friendly, Can hear very far away","Norwegian Elkhound information, facts, and high-quality breed pictures. Learn everything about the Norwegian Elkhound dog breed including temperament, care, and more.","The Norwegian Elkhound is an ancient Spitz-type dog from the Scandinavian region. These formerly fearsome hunting dogs are wily, untiring and highly dominant. While they could hunt elk if need be, they were used to hunt moose and other large, dangerous animals. Also, they aren't hounds. Their name comes from the Norwegian term Norsk Elghund. In English, this may sound a bit like Norwegian Elkhound, but in Norwegian, it means ""moose dog."" When it comes to Norwegian Elkhound facts, it is easy to find out if adopting one o..."
Norwich Terrier,Terrier,,,,10 - 15 yrs.,9 - 10 in.,10 - 12 lbs,95,95,95,95,96,33,67,50,80,25,25,80,70,95,90,95,40,40,63,90,"Norwich Cramp, Hip dysplasia, Canine epilepsy, Chronic allergies, Patellar Luxation, Periodontal disease, Respiratory ailments, Neurologic disorders, Mitral Valve disease, Reproductive problems, Bacterial skin infections, Degenerative Myelopathy, Primary lens luxation (PLL), Upper Airway Syndrome (UAS)","Norwich Terrier information, facts, and high-quality breed pictures. Learn everything about the Norwich Terrier dog breed including temperament, care, and more.","This bold little hunting dog is rarely seen outside its cold, windy, and relatively wet home region of northeast England. This is a breed that is fearless to the point of recklessness and is a dog that requires high-maintenance well beyond the five-figure price tag often required to adopt one. The topmost of Norwich Terrier facts is that these dogs were hunters. Granted, they are terriers and they were ratters, too, but this particular breed was singled out and specifically developed for fox-hunting. As they did this su..."
Old English Sheepdog,Pastoral,,,,10 - 11 yrs.,20 - 24 in.,70 - 100 lbs,80,90,80,80,83,33,33,75,80,75,38,60,30,80,80,95,40,40,84,90,,"Old English Sheepdog information, facts, and high-quality breed pictures. Learn everything about the Old English Sheepdog dog breed including temperament, care, and more.","If you see one of these dogs on the street you’re likely to get a faint hint of recognition - Old English Sheepdogs have been featured in many films and television programs including Chitty Chitty Bang Bang and The Little Mermaid. With their highly distinct shaggy coat, these dogs are hard to miss. If you’re planning on adopting one, it is very important to keep in mind that their coat will require more care than the average dog. Some owners spend three or four hours a week brushing and grooming. They also need a modera..."
Otterhound,Hound,,,,10 - 13 yrs.,24 - 27 in.,115 - 115 lbs,95,95,95,95,83,67,67,75,20,50,75,40,20,95,70,20,95,95,84,60,"Bloat is a potential hazard for most medium-large breeds and can be fatal., Glanzmann's Thrombasthenia is a bleeding disorder than can be deadly. Owner's can ask their veterinarian for a DNA test to estimate your Otterhound puppy's likelihood to be affected by this condition., Epilepsy is a growing concern for the breed., Joint problems like hip and elbow dysplasia are sometimes seen and are very common among larger breeds.","Otterhound information, facts, and high-quality breed pictures. Learn everything about the Otterhound dog breed including temperament, care, and more.","The Otterhound is an English breed with the first types appearing as early as the 12th century (before it was considered a breed). The Otterhound Club of America suggests they are a product of the (now extinct) Southern Hound, the Blood Hound, and some wiry, rough coated French breeds. As the name suggests, these dogs were used to hunt otter that were killing and eating the fish from the ponds and streams. They were prized hunting companions of both Kings and the average citizen for centuries. The breed made its way to ..."
Papillon,Toy,,,,12 - 16 yrs.,8 - 11 in.,4 - 9 lbs,80,95,60,80,96,100,67,75,60,13,63,95,10,95,60,95,20,20,100,70,"Easily carried, Beautiful dogs, Elegant attitude, Extremely trainable, Extremely energetic, Low grooming needs, Loves to make new friends, Relatively few health issues","Everything about the Papillon dog breed. Discover Papillon coloring, sizing, traits, lifespan, and compare Papillons to other dog breeds.","Like many other toy dog breeds, papillons think they're much bigger dogs than they really are. The breed is alert and makes a good watchdog and can also rid your home of small vermin. Papillons can be described as a happy intelligent dog breed which are friendly to guests and children. There is no doubt that when you first see one of these dogs in person, the cuteness factor is going to obscure any Papillon facts you may know. While these dogs can be excellent companions, there are many things to consider before you are..."
Parson Russell Terrier,Terrier,,,,13 - 15 yrs.,13 - 14 in.,13 - 17 lbs,,,,,,100,83,75,,25,38,,20,,60,,,,,90,,"Everything about the Parson Russell Terrier dog breed. Discover Parson Russell Terrier coloring, sizing, traits, lifespan, and compare Parson Russell Terriers to other dog breeds.","The Parson Russell Terrier (PRT) is a small-sized, bold terrier breed that many consider the same breed as the Jack Russell Terrier (JRT). And though the PRT and the JRT are identical in many ways, there are minute differences--mainly that the Parson Russell is more uniform in size, and is more often used in dog shows than the Jack Russell. The Parson Russell Terrier is courageous, affectionate, and sometimes stubborn, and is not really suited for first-time dog owners. PRTs can have either smooth or broken coats. They'..."
Pekingese,Toy,,,,12 - 15 yrs.,6 - 9 in.,7 - 14 lbs,60,95,40,40,48,67,17,25,40,75,63,60,20,60,50,95,60,60,84,70,"Intelligent, Affectionate and loyal to family members, Adapts very well to apartment living, Playful and fun-loving, Low to moderate exercise requirements, Tolerates other pets fairly well, Good watchdog abilities, Socializes especially well with cats","Everything about the Pekingese dog breed. Discover Pekingese coloring, sizing, traits, lifespan, and compare Pekingese to other dog breeds.","The breed is intelligent, although they can be stubborn which can hinder training. It is recommended that pekingese owners use positive training with a firm yet loving hand. Because of this its generally not a recommended breed for new dog owners. The Pekingese is a member of the Toy group of breeds; these dogs have existed purely as companion animals for centuries. As such, Pekingese are best suited for singles, seniors, and families--but potential owners will need to be able to deal with these dogs' self-important, of..."
Pharaoh Hound,Hound,,,,,,,,,,,,,,,,,,,,,,,,,,,,,
Picardy Sheepdog,Pastoral,,,,12 - 14 yrs.,22 - 26 in.,50 - 70 lbs,80,95,95,60,48,100,33,50,100,63,25,80,70,95,70,60,60,60,84,80,,"Berger Picard information, facts, and high-quality breed pictures. Learn everything about the Berger Picard dog breed including temperament, care, and more.","Picards tend to be on the larger side of medium-size. Normal weight is 50-70 pounds. Average female height is 22-24 inches; males, 24-26 inches. This herding breed is intelligent and extremely loyal to its owners. If introduced to children or other animals when a Picard is young, it will be an excellent lifelong companion."
Pointer,Gundog,,,,12 - 15 yrs.,23 - 28 in.,55 - 75 lbs,95,95,95,95,96,100,67,75,60,25,50,95,20,95,30,20,15,15,21,80,"Great with kids, Superb hunters, Highly intelligent, Extremely active, Versatile in the field, Superior in field trials, Low grooming needs, Excellent for dog shows, Not too many health issues","Pointer information, facts, and high-quality breed pictures. Learn everything about the Pointer dog breed including temperament, care, and more.","The Pointer, often called the English Pointer, is a somewhat large dog whose slim physique, lightning speed and soft mouth (meaning it carefully picks up wounded birds and other game) is renowned the world over. They make excellent gun dogs, and a number of clubs have been devoted to specializing Pointer bloodlines since the breed's conception more than 200 years ago. English Pointers are, first and foremost, hunting dogs. They are great family pets so long as you set aside a lot of time every day for play, exercise and..."
Polish Lowland Sheepdog,Pastoral,,,,10 - 12 yrs.,17 - 20 in.,30 - 50 lbs,,,,,,67,67,75,,25,50,,30,,70,,,,,80,,"Everything about the Polish Lowland Sheepdog dog breed. Discover Polish Lowland Sheepdog coloring, sizing, traits, lifespan, and compare Polish Lowland Sheepdogs to other dog breeds.","Caring for a PON won't take too much work, but will need to include a good bit of daily exercise. The Polish Lowland Sheepdog was recognized by the American Kennel Club in 2001, and currently ranks 170th out of 196 AKC-registered breeds. The Polish Lowland Sheepdog is a member of the Herding group in the American Kennel Club (and most other clubs too). Though the breed was originally developed to be a herding and multi-purpose farm dog, the PON makes a loyal companion for active families (especially those living in rura..."
Pomeranian,Toy,,,,12 - 16 yrs.,7 - 12 in.,3 - 7 lbs,60,90,40,40,66,67,67,25,60,50,88,80,20,60,80,80,15,15,84,80,"Allergies, Epilepsy, Seizures, Skin irritation, Hip dysplasia, Eye problems, Hypothyroidism, Patellar luxation, Collapsed trachea, Legg-Perthes Disease, Heat stroke and sensitivity, Patent Ductus Arteriosus (PDA)","Everything about the Pomeranian dog breed. Discover Pomeranian coloring, sizing, traits, lifespan, and compare Pomeranians to other dog breeds.","Its not uncommon to see these dogs being used for therapy due to their small size and overzealous attitude. The pomeranian is an alert dog breed that will alert their family of any unusual activity or strangers which makes them a good watchdog breed. Because they are such popular dogs and they have been domesticated in different ways the world over, there are a lot of Pomeranian facts that you may not know. These dogs were originally bred to be personal guard dogs. They were also exterior watchdogs in palaces and castle..."
Poodle (Miniature),Utility,,,,14 - 15 yrs.,10 - 15 in.,12 - 18 lbs,95,95,95,80,83,33,67,63,40,0,50,95,10,95,60,95,20,20,100,90,"Very smart, Good guard dog, Tend to love water, Excellent companions, Coats are hypoallergenic, Gets along with other pets, Can be superior in dog shows, Moderate exercise requirements, Obedience training is usually easy, Are practically perfect for apartment living","Miniature Poodle information, facts, and high-quality breed pictures. Learn everything about the Miniature Poodle dog breed including temperament, care, and more.","The AKC classifies the Poodle as a Non-Sporting Dog, and the Miniature Poodle variety is perfectly categorized this way. This decent guard dog is a great companion for first-time families, homes with kids and apartment dwellers too. While Miniature Poodle information and facts are somewhat the same as the varieties that bookend it, you should still understand the qualities and concerns listed below. The Miniature Poodle is a small sized breed. The American Kennel Club categorizes these dogs as Poodles between 10 and 15 ..."
Poodle (Standard),Utility,,,,12 - 15 yrs.,15 - 24 in.,45 - 70 lbs,95,95,95,80,83,33,67,63,40,0,50,95,10,95,60,95,20,20,100,100,"Bloat, Epilepsy, Hip Dysplasia, Hypothyroidism, Patellar luxation, Addison's Disease, Cushing's Disease, Legg-Calve-Perthes, Sebaceous adenitis, Chronic active hepatitis, Optic nerve hypoplasia, Von Willebrand's Disease, Progressive Retinal Atrophy","Everything about the Poodle dog breed. Discover poodle coloring, sizing, traits, lifespan, and compare Poodles to other dog breeds.","Today most people associate the poodle with luxury, class, and frequent visits to the groomer. However, what most people don't realize is the poodle is an extremely intelligent dog with skills that most are unaware of. Due to the popularity of the poodle, three sizes exist. The standard poodle, the miniature poodle, and the toy poodle."
Poodle (Toy),Utility,,,,8 - 15 yrs.,6 - 8 in.,2 - 5 lbs,80,95,41,5,79,33,33,25,100,0,50,90,30,60,60,100,0,0,21,90,"Easy to train, Hypoallergenic, Highly intelligent, Loves human company, Wonderful watch dogs, Low grooming maintenance, Perfect for apartment living","Teacup Poodle information, facts, and high-quality breed pictures. Learn everything about the Teacup Poodle dog breed including temperament, care, and more.","As with all teacup breeds, owners should take extra caution to prevent accidental injuries from occurring. Supervision will always be necessary as other pets, children, and falling off furniture can result in serious injuries. The American Kennel Club (AKC) does not recognize the name ""Teacup Poodle,"" as the so-called Teacup Poodle is merely a very small Toy Poodle. Since the Teacup is essentially a non-hybrid Poodle, it is in the Toy Group. This dog was not so much bred as down-bred, and its only purpose — and possibil..."
Portuguese Podengo,Hound,,,,,,,,,,,,,,,,,,,,,,,,,,,,,
Portuguese Pointer,Gundog,,,,12 - 15 yrs.,19 - 23 in.,40 - 60 lbs,,,,,,100,67,75,,25,38,,40,,70,,,,,70,,"Everything about the Portuguese Pointer dog breed. Discover Portuguese Pointer coloring, sizing, traits, lifespan, and compare Portuguese Pointers to other dog breeds.","The Portuguese Pointer (PP, or Perdigueiro Portugues in Portugal) is a medium-sized bird-hunting dog that originated centuries ago in Portugal and Spain. This breed is highly energetic, and will need owners capable of giving their PP a good bit of exercise on a daily basis; ideally these dogs will live in homes with large fenced yards, preferably in rural areas. In terms of maintenance, the Portuguese Pointer needs moderate care. The breed has a short coat that doesn't shed much, so grooming needs are minimal--but they'..."
Portuguese Water Dog,Working,,,,10 - 14 yrs.,17 - 22 in.,42 - 60 lbs,95,95,95,95,66,50,83,88,80,0,50,80,30,95,80,80,40,40,63,90,"Great family pet, Usually lives harmoniously with other pets, Highly intelligent and trainable, Alert dog/watchdog, Friendly with visitors and new faces, Hypoallergenic, Excellent exercise buddy, Loyal, especially to the family ""alpha"", Loves attention and spending time with you, Enjoys any outdoor activity, especially swimming!, Can work as a therapy dog","Portuguese Water Dog information, facts, and high-quality breed pictures. Learn everything about the Portuguese Water Dog breed including temperament, care, and more.","This strong, spirited breed is a member of the working dog group. Highly trainable, eager to please and devoted, they make excellent companions, exercise buddies and even therapy dogs. Although found in abundance along the Portuguese coasts, these dogs have made their way into the households and hearts of many countries-- even the Obamas are a fan of the breed, they have two! The breed is recommended for active families or individuals, with or without pets. The first and foremost requirement is that you have enough time..."
Pug,Toy,,,,12 - 15 yrs.,10 - 14 in.,13 - 20 lbs,90,95,90,95,88,33,0,25,100,75,25,70,20,65,20,100,5,15,53,40,"Adorable!, Easy to carry, Great with kids, Loves other dogs, Easy maintenance, Gets along with non-canine pets, They will follow you anywhere and everywhere","Everything about the Pug dog breed. Discover Pug coloring, sizing, traits, lifespan, and compare Pugs to other dog breeds.","Pugs are known for their wrinkled faces and always having a smile which seems to never leave. Their looks along with personality to please and to entertain make pugs true clowns but clowns with confidence. In the distant past, Pugs were bred for duties such as watchdogs in monasteries and palaces. These days, these dogs are companion animals who have watchdog abilities but are too comfortable to watch out for invading armies and approaching dignitaries! They are great with kids, other dogs, and most non-canine pets. The..."
Pyrenean Mastiff,Working,,,,8 - 13 yrs.,28 - 30 in.,160 - 190 lbs,80,95,80,60,48,100,33,75,20,50,25,40,90,80,90,20,40,40,21,80,"Very friendly, Extremely intelligent, Few health problems, Bonds closely with family, Highly protective of property, Gets along well with other pets, Wonderful family-oriented dogs, Can make excellent therapy dogs, Easy to train for the right person, Won't hesitate to face threats to loved ones","Pyrenean Mastiff information, facts, and high-quality breed pictures. Learn everything about the Pyrenean Mastiff dog breed including temperament, care, and more.","This ancient Molosser breed may look a little like a number of other giant mountain dogs, but those who are familiar with the breed will know the finer differences. These dogs have been around for centuries and are highly prized where they remain ""employed"" as Livestock Guardian Dogs. The FCI recognized the breed in 1954, shortly before the breed was nearly extinct. The AKC placed the dog in its Foundation Stock Service (FSS) in 2014. The Pyrenean Mastiff is classified in the Working Dog Group by the AKC and as a Moloss..."
Pyrenean Mountain Dog,Pastoral,,,,10 - 12 yrs.,25 - 32 in.,100 - 160 lbs,60,95,91,95,31,67,17,25,35,50,88,35,100,40,90,5,100,90,16,70,"Very gentle, Courageous, Great with kids, Highly intelligent, Wonderfully calm, Extremely confident, Perfect for very cold weather, Ideal for farms and rural areas","Everything about the Great Pyrenees dog breed. Discover Great Pyrenees coloring, sizing, traits, lifespan, and compare Great Pyrenees to other dog breeds.","Great Pyrenees makes an excellent family dog, but may be too much to handle for inexperienced dog owners. Like many guard dog breeds, great Pyrenees are free thinkers which makes the breed more difficult to train, and great Pyrenees need to be trained. Untrained great Pyrenees quickly become uncontrollable which can be a disaster considering the breed can often exceed 160 pounds in weight. The Great Pyrenees is a Livestock Guardian Dog (LGD). They are huge dogs and they are serious about their work. They can make good f..."
Pyrenean Sheepdog (Long Haired),Pastoral,,,,12 - 16 yrs.,15 - 21 in.,15 - 30 lbs,80,95,95,40,48,83,67,75,40,38,75,40,40,95,90,95,20,20,42,80,"Small- to medium-sized (average of 18 inches at the shoulders in height and 22 pounds in weight), Two coat varieties: rough-faced and smooth-faced, AKC Breed Rank: 176 of 194","Pyrenean Shepherd information, facts, and high-quality breed pictures. Learn everything about the Pyrenean Shepherd dog breed including temperament, care, and more.","Pyr Sheps come in both Smooth-Faced and Rough-Faced coat varieties. They don't require much grooming and they usually respond well to training, but they'll need a lot of exercise and frequent socialization. The Pyrenean Shepherd, a member of the Herding Group of breeds, was originally developed as a livestock herder centuries ago in Central Europe. As such, dogs of this breed are excellent working animals on farms--but they make great pets for active, experienced owners as well. A few breed facts:"
Pyrenean Sheepdog (Smooth Faced),Pastoral,,,,12 - 16 yrs.,15 - 21 in.,15 - 30 lbs,80,95,95,40,48,83,67,75,40,38,75,40,40,95,90,95,20,20,42,80,"Small- to medium-sized (average of 18 inches at the shoulders in height and 22 pounds in weight), Two coat varieties: rough-faced and smooth-faced, AKC Breed Rank: 176 of 194","Pyrenean Shepherd information, facts, and high-quality breed pictures. Learn everything about the Pyrenean Shepherd dog breed including temperament, care, and more.","Pyr Sheps come in both Smooth-Faced and Rough-Faced coat varieties. They don't require much grooming and they usually respond well to training, but they'll need a lot of exercise and frequent socialization. The Pyrenean Shepherd, a member of the Herding Group of breeds, was originally developed as a livestock herder centuries ago in Central Europe. As such, dogs of this breed are excellent working animals on farms--but they make great pets for active, experienced owners as well. A few breed facts:"
Retriever (Chesapeake Bay),Gundog,,,,10 - 13 yrs.,21 - 26 in.,65 - 80 lbs,60,95,60,20,31,100,33,25,80,25,63,60,60,80,70,20,40,60,21,80,,"Chesapeake Bay Retriever information, facts, and high-quality breed pictures. Learn everything about the Chesapeake Bay Retriever dog breed including temperament, care, and more.","Chessies are considered large sized dogs. Females usually stand 21-24 inches tall and weigh around 55-70 pounds. Males will be larger reaching 23-26 inches and weighing in at 65-80 pounds. This is a great breed for all ages and would make an equally wonderful companion as a hunting dog. Affectionate and lively, Chessies are very fond of the attention children can give them. They are not overly playful and often regard other pets as beings to either be protected or ignored completely. These dogs truly desire companionshi..."
Retriever (Curly Coated),Gundog,,,,8 - 12 yrs.,23 - 27 in.,60 - 70 lbs,80,95,95,80,66,100,67,88,60,50,50,80,90,95,100,20,60,60,63,90,"Versatile retriever, gentle, Loyal and protective, Good watchdog, Usually easily trained, Excellent family companion, Happy exercise buddy, Low maintenance grooming, Can do well with other pets, Wants to be involved as much as possible","Curly Coated Retriever information, facts, and high-quality breed pictures. Learn everything about the Curly Coated Retriever dog breed including temperament, care, and more.","Recognized as a member of the Sporting Group as early as 1924, the Curly Coated Retriever is one of the oldest Retriever breeds. First shown in Birmingham, England in 1860 they became popular, not as aristocratic hunting companions, but as the average man's hunting dog. The AKC recognized the breed in 1924, however, they are rare in the United States and no longer hold such high popularity in England; they are common in Australia and New Zealand though. They are proud, confident and eager to please while on the job and ..."
Retriever (Flat Coated),Gundog,,,,8 - 10 yrs.,22 - 24½ in.,70 - 80 lbs,95,95,95,95,96,67,67,88,80,50,75,80,20,95,50,20,20,20,42,90,,"Flat-coated Retriever information, facts, and high-quality breed pictures. Learn everything about the Flat-coated Retriever dog breed including temperament, care, and more.","This is a medium sized breed. An adult male Flat-Coated Retriever will stand 23 to 24.5 inches tall from ground to shoulder; a female will stand 22 to 23.5 inches. The average weight of an adult Flat-Coated Retriever is 55 to 70 pounds. Their medium size makes them great all-around dogs; they are strong, quick, and robust. These dogs are very spirited, warm, and sociable. They love being around people and will get along with most anyone they meet, including children and other dogs. They might bark at strangers approachi..."
Retriever (Golden),Gundog,,,,10 - 12 yrs.,21 - 24 in.,60 - 80 lbs,95,95,95,95,96,50,67,63,40,63,38,95,20,95,30,40,20,20,63,90,"Great with kids, Barks very little, Loves other pets, Highly adaptable, Immensely friendly, Extremely intelligent, Great for very active people","Everything about the Golden Retriever dog breed. Discover Golden Retriever coloring, sizing, traits, lifespan, and compare Golden Retrievers to other dog breeds","The golden retriever is a sporting dog and feels compelled to perform tasks whether it's retrieving waterfowl, fetching the newspaper, or greeting guests. As a sporting dog, the golden retriever has abundant energy and will require 30-40 minutes of exercise daily in order to keep the dog from becoming hyperactive. The Golden Retriever is a gun dog whose abilities to track and retrieve in cold, wet, hilly terrain is well-known the world over. They are also renowned as excellent family pets and for their versatility in se..."
Retriever (Labrador),Gundog,,,,10 - 12 yrs.,21 - 24 in.,55 - 80 lbs,95,95,95,90,96,67,67,75,60,75,63,95,10,90,20,20,40,40,63,90,"Highly trainable, Loves other dogs, Great for older kids, Coat is easy to clean, Excellent hunting dog, Perfect for highly active lifestyles, Gets along well with most non-canine pets","Everything about the Labrador Retriever dog breed. Discover lab coloring, sizing, traits, lifespan, and compare labs to other dog breeds.","Labrador retrievers have a strong desire to please and are extremely intelligent dogs. This has not only made them perfect companion dogs, but also ideal hunting dogs, assistance dogs, search and rescue dogs, as well as the top choice for many other jobs. There are many Labrador facts, but you should understand that these dogs are first and foremost hunters who are also great gun dogs. If they are not regularly used for hunting, they need a similarly strenuous job that will keep them mentally and physically stimulated. ..."
Retriever (Nova Scotia Duck Tolling),Gundog,,,,10 - 14 yrs.,17 - 21 in.,45 - 52 lbs,95,95,95,80,83,100,100,100,80,50,25,80,40,95,50,95,40,40,63,80,"Excellent retriever, Playful yet patient with kids, Attention loving and affectionate, Good with other pets, Not aggressive towards strangers, Excellent exercise buddy, Can spend time outdoors, Easy to groom","Nova Scotia Duck Tolling Retriever information, facts, and high-quality breed pictures. Learn everything about the Nova Scotia Duck Tolling Retriever dog breed including temperament, care, and more.","The Nova Scotia Duck Tolling Retriever has plenty of interesting facts! For instance, it was first referred to as the Yarmouth Toller or the Little River Duck Dog. They are the smallest of the retrievers and placed in the Sporting Category of the AKC. They also have emit an exited high pitch howl known as the ""Toller Scream"" instead of barking many times. On to the finer points: the breed is recommended for a hunter or active, outdoorsy and athletic owner or family. They don't do well as an apartment dog and should have..."
Rhodesian Ridgeback,Hound,,,,10 - 12 yrs.,24 - 27 in.,80 - 90 lbs,95,100,100,95,70,100,83,75,60,25,0,85,50,70,70,10,30,25,74,70,"Hip Dysplasia, Thyroiditis- Hypothyroidism, in particular is increasingly common and manifests as weight gain and hair loss; it is detected via blood test., Eye Disease, Bloat, Dermoid Sinus- Rare infiltration of the neural tube by dirt, debris and infectious material that travels to the spinal cord and causes great damage such as meningitis. Costly to surgically remove and may be deadly., Canine Papillomas- Caused by a contagious virus (only to dogs), these warts in your dogs mouth should disappear over time., Degenerative Myelopathy- This rare spinal condition causes partial paralysis of the limbs over time","Everything about the Rhodesian Ridgeback dog breed. Discover Rhodesian Ridgeback coloring, sizing, traits, lifespan, and compare Ridgebacks to other dog breeds","Rhodesian Ridgebacks are an intelligent, sensitive, protective and affectionate...not to mention good-natured. Not convinced yet? They excel in nearly all athletic events and likely have the highest endurance of any dog breed making them a runner's dream dog as the breed can run a distance of 30 miles in 60-90 minutes. This low maintenance dog is easily trained and an excellent choice for families with children and other pets. Rhodesian Ridgebacks are gentle, sensitive and even tempered companions that make excellent fa..."
Rottweiler,Working,,,,8 - 11 yrs.,22 - 27 in.,85 - 130 lbs,95,90,85,40,83,100,33,50,65,25,75,80,100,95,100,40,15,15,21,80,,"Everything about the Rottweiler dog breed. Discover Rottweiler coloring, sizing, traits, lifespan, and compare Rottweilers to other dog breeds.","Rotties have a very strong protective instinct which can make the breed tricky for those not accustomed to this behavior. It is important to fully train and socialize rottweilers at a young age so their overly protective instinct doesn't lead to aggression issues in adulthood. With this in mind, rottweilers are not an overly aggressive bully breed by nature. Well bred and properly socialized rotties are generally playful, friendly, and loving dogs. Rottweilers are considered a large to giant dog breed with males weighin..."
Russian Black Terrier,Working,,,,10 - 12 yrs.,26 - 30 in.,110 - 132 lbs,80,90,90,40,66,50,83,88,60,63,50,80,90,95,80,60,20,20,42,80,"Allergies, Hip dysplasia, Elbow dysplasia, Urinary tract stones, Progressive Retinal Atrophy (PRA)","Black Russian Terrier information, facts, and high-quality breed pictures. Learn everything about the Black Russian Terrier dog breed including temperament, care, and more.","The Black Russian Terrier is not a Terrier despite the 20% to 30% of that part of the breed. These dogs have a rich, new, and fascinating history after having been secretly bred by the Soviet army to protect border crossings, military areas, and Soviet gulags. It didn't take long for the civilian population to be introduced to the dogs (other than in a vicious fashion, that is), and as the Soviet Union began to crumble, the dogs began to be introduced to the rest of the world. The Black Russian Terrier is a guard dog th..."
Russian Toy,Toy,,,,10 - 12 yrs.,7½ - 11 in.,6 - 6 lbs,60,80,40,60,48,50,50,38,80,50,88,60,70,95,100,95,40,40,84,70,"Perfectly sized for small dwellings, Generally good with visitors, Not aggressive, Ok with other pets, Lap dog and attention loving companion, Good with travel, Excellent watch dog, Fairly easy to train, Excels in agility activities, Exercise needs easily met","Russkiy Toy information, facts, and high-quality breed pictures. Learn everything about the Russkiy Toy dog breed including temperament, care, and more.","The Russkiy Toy, or Russian Toy Terrier, is a companion breed that has graced many laps over it's history-- from the aristocratic to the most humble. These dogs are happy and playful so be prepared to devote plenty of time and energy to them daily. This is an indoor breed that does best with owners without children or that has older children due to their fragility. Some are outgoing others are reserved, but you can bet they will be an excellent watchdog. Exercise needs are modest, while grooming requirements are moderat..."
Saluki,Hound,,,,12 - 14 yrs.,21 - 28 in.,45 - 65 lbs,80,90,75,75,26,100,67,100,65,25,25,80,40,90,60,10,15,15,21,70,"Exceptionally athletic and fast; Saluki speed is virtually unmatched by any other breed, Affectionate towards family members, Low barking tendency, Sheds very little, Fairly intelligent, Few health issues, Minimal grooming needs, Socializes well with other dogs, Fantastic jogging companion (will definitely need a leash!)","Saluki information, facts, and high-quality breed pictures. Learn everything about the Saluki dog breed including temperament, care, and more.","The Saluki is a medium- to large-sized dog breed that originated in the Middle East. Known for its incredible running ability, the Saluki is exceptionally athletic, but typically has a sensitive and mild-mannered demeanor. These dogs have moderate maintenance needs (lots of exercise, a fair amount of training, and little grooming), and are considered very healthy. Overall, Salukis are best suited for actives families who are willing to provide their dogs with plenty of attention."
Samoyed,Pastoral,,,,10 - 12 yrs.,19 - 23½ in.,45 - 65 lbs,95,95,95,95,96,100,33,50,60,50,63,60,80,95,80,40,40,40,42,90,"Loving, playful, and adaptable, Low to moderate maintenance needs, Intelligent and intuitive, Excellent ""cold-weather"" dogs, Socialize very well with kids, pets, and strangers alike, Easily trained, Fairly good health","Samoyed information, facts, and high-quality breed pictures. Learn everything about the Samoyed dog breed including temperament, care, and more.","Although they tend to be mischievous if left untrained or bored, they are unusually bright and easy to train for obedience (as well as housebreaking). Samoyeds shed constantly and heavily once or twice per year but are, otherwise, simple to groom. Ideally, your Samoyed will live indoors where he/she can bond closely with you but they also need a fenced yard. They have an impressively abundant and attractive coat that lets them survive (and thrive) in cold to well below freezing temperatures so they should not be kept an..."
Schipperke,Utility,,,,12 - 15 yrs.,10 - 13 in.,15 - 18 lbs,60,80,95,40,48,83,67,75,100,38,63,40,50,95,80,80,60,60,84,90,"Epilepsy, Cataracts, Hip Dysplasia, Hypothyroidism, Legg Calve Perthes, Progressive Retinal Atrophy (PRA)","Schipperke information, facts, and high-quality breed pictures. Learn everything about the Schipperke dog breed including temperament, care, and more.","Originally bred to be a smaller sheepdog that would have all the qualities of their larger brethren, the Schipperke was also bred to be a watchdog and companion. To this end, they demand constant human company and will bark a great amount to alert them to any dangers. They are not for families looking for their first dog, especially when it comes to obedience training. While they are adaptable to apartment life, they need a great amount of exercise to be healthy and happy in such a space. They are best for people who ar..."
Schnauzer,Utility,,,,12 - 14 yrs.,17 - 20 in.,35 - 50 lbs,60,80,80,60,48,33,33,50,100,25,25,60,80,95,90,80,40,40,42,90,,"Standard Schnauzer information, facts, and high-quality breed pictures. Learn everything about the Standard Schnauzer dog breed including temperament, care, and more.","Standard Schnauzers are medium sized dogs; they fall between the Giant and Miniature varieties in terms of height and weight. The females stand about 17-19 tall and weigh in somewhere between 30-45 pounds while males are 18-20 inches and 35-50 pounds. If socialized and trained as a puppy this breed is good with other pets; animals resembling rodents should be kept in their proper enclosed areas away from the Schnauzer, as they have a history of hunting vermin. This breed prefers having a family to protect and an extende..."
Scottish Terrier,Terrier,,,,12 - 15 yrs.,10 - 11 in.,18 - 22 lbs,80,95,80,80,83,33,0,25,85,25,75,20,30,80,30,80,60,60,42,70,"Extremely loyal, Good watchdog, Decent guard dog, Doesn't shed much, Remarkably fearless, High tolerance to cold, Not good for running or bicycling activity","Everything about the Scottish Terrier dog breed. Discover Scottish Terrier coloring, sizing, traits, lifespan, and compare Scottish Terriers to other dogs.","Scottish terriers are bold and will stand up for themselves if they feel pushed around by another pet or person. They are loving and affectionate towards their family, but are naturally suspicious of strangers so it may take some time for them to get used to new guests. Scottish Terriers were bred to be ratters and hunters. They are built to ""go to ground,"" which means they will chase small game and vermin through the brush, under obstacles and ultimately into underground tunnels and holes. They make great family pets s..."
Sealyham Terrier,Terrier,,,,12 - 14 yrs.,10½ - 10½ in.,23 - 24 lbs,80,80,80,80,66,83,17,25,100,13,88,60,40,80,90,80,40,40,84,70,"Problems with the eyes such as Glaucoma and Primary Lens Luxation, Intervertebral Disc Disease, Allergies and other skin problems, Ear infections","Sealyham Terrier information, facts, and high-quality breed pictures. Learn everything about the Sealyham Terrier dog breed including temperament, care, and more.","The Sealyham Terrier is a Welsh breed names for the Sealyham estate of Captain John Edwardes. Edwardes sought to create the perfect canine to rid his property of otters, badgers and other varmint. He succeeded in producing a Terrier that is confident, determined and devoted with a humorous personality and a true affinity for people. Sealyhams are small but sturdy with long heads and weather resistant, wiry coats; the top layer is wiry and long-- Sealyhams are known for their nearly all white color and ""fall"" of hair dow..."
Shar Pei,Utility,,,,8 - 12 yrs.,18 - 20 in.,40 - 55 lbs,40,40,40,20,48,100,17,38,20,25,13,60,90,20,90,80,80,80,42,40,"Eye issues are very common to the breed. Primary lens luxation, entropion, glaucoma and cataracts are just a few examples., Allergies, Skin problems such as mange, pyoderma and cutaneous mucinosis are common due to the heavily wrinkled skin., SPAID is a term for a host of inflammatory conditions that affect different body systems of the Shar pei., Gastrointestinal issues, Thyroid disorders, Immune deficiencies, Muscle and joint disorders","Everything about the Chinese Shar Pei dog breed. Discover Shar Pei coloring, sizing, traits, lifespan, and compare Shar Peis to other dog breeds.","The breed is both intelligent and free thinking, which can make the breed a bit stubborn. Because of this the Shar Pei will do best in a household with a strong leader, otherwise the Shar Pei may assume the role. Many potential owners see only a Shar pei's wrinkly body and so-ugly-it's-cute face and think it must be the bred for them. This is the part where we outline benefits and potential problems of owning one of these dogs. The first question on a potential owner's mind is usually "" Are Shar pei dangerous dogs?"". Th..."
Shetland Sheepdog,Pastoral,,,,12 - 14 yrs.,13 - 16 in.,11 - 24 lbs,95,95,95,80,96,17,50,50,80,88,88,95,70,80,90,40,40,40,63,100,,"Sheltie information, facts, and high-quality breed pictures. Learn everything about the Sheltie dog breed including temperament, care, and more.","High maintenance would describe the grooming requirements of these long-haired shedders but this is made up for by their ease in training. Moderate exercise is required and they enjoy a fenced yard, but this is not a requirement. They can live indoors and enjoy doing so as they should not be left without company for long periods of time. Even though many Shelties live the full 12-14 years without any health issues, owners should make routine veterinary visits and look into genetic testing if they are concerned for their..."
Shih Tzu,Utility,,,,10 - 15 yrs.,9 - 10 in.,9 - 16 lbs,95,95,80,80,96,67,33,25,60,0,63,60,20,80,20,95,60,60,100,70,,"Everything about the Shih Tzu dog breed. Discover Shih Tzu coloring, sizing, traits, lifespan, and compare Shih Tzus to other dog breeds.","Shih Tzu's were bred for companionship and so by instinct they are very friendly dogs and want to be with their owner all day. It is not uncommon for shih tzus to follow their owner room to room without any incentive. The shih tzu is one of the worlds oldest dogs. The breed can be found in paintings and writings as old as 618 A.D., but it is likely the breed is far older than that. The breed was first noticed in China and have been associated with that region ever since."
Siberian Husky,Working,,,,12 - 15 yrs.,20 - 23 in.,35 - 60 lbs,95,95,90,95,96,50,67,63,80,63,100,40,10,95,20,40,20,20,21,60,,"Everything about the Siberian Husky dog breed. Discover husky coloring, sizing, traits, lifespan, and compare huskies to other dog breeds.","Although the need for sled dogs today is not as vital as it once was, there are many events which use huskies to re-trace the older sled routes in remembrance of the people and dogs that were vital to the wellness of isolated towns. Siberian huskies are medium sized dog breeds with adults weighing 35-60 pounds and standing 20-23 inches tall from ground to shoulder. Their compact size makes them easy to transport and perfect for any home environment (as long as it's not too hot)."
Skye Terrier,Terrier,,,,12 - 15 yrs.,9 - 10 in.,25 - 40 lbs,80,80,80,40,96,67,33,50,100,50,75,40,20,80,70,80,40,40,84,70,"Affectionate and good-natured, Intelligent, Good watchdog abilities, Adapts well to apartment life, Excellent health, Good for first-time owners, Comical, playful demeanor, Adaptable to a variety of climates, Great for families with children (especially older ones)","Skye Terrier information, facts, and high-quality breed pictures. Learn everything about the Skye Terrier dog breed including temperament, care, and more.","According to the United Kingdom's official Kennel Club, the Skye Terrier is currently under threat of extinction. As of 2013, the club estimated the number of Skye Terriers in the U.K. at less than 400. The Skye Terrier, as its name suggests, is a member of the Terrier group of breeds. Dogs of this breed are quite rare, and were created centuries ago to hunt vermin and small game, but are now considered companion dogs; as such, they're great for families of any size (particularly those with older children), seniors, and..."
Sloughi,Hound,,,,12 - 15 yrs.,24 - 29 in.,45 - 70 lbs,,,,,,100,67,75,,25,25,,60,,80,,,,,70,,"Everything about the Sloughi dog breed. Discover Sloughi coloring, sizing, traits, lifespan, and compare Sloughis to other dog breeds.","The Sloughi (sometimes called the Arabian Greyhound) is a medium- to large-sized sighthound that originated thousands of years ago, probably in North Africa. These tall, lean dogs, like the Saluki or Greyhound , are very fast hunting dogs with a focused, ""no-nonsense"" temperament. The Sloughi won't need a ton of care and maintenance, but will require a lot of exercise and some early training and socialization. The breed, while recognized by most major kennel clubs, is pretty rare. The Sloughi is 192nd on the American Ke..."
Slovakian Rough Haired Pointer,Gundog,,,,12 - 15 yrs.,22½ - 27 in.,55 - 77 lbs,60,95,60,60,48,50,67,75,80,13,25,80,70,95,80,40,40,40,63,80,"Elegant, Loves water, Hypoallergenic, Very fast runner, Sheds very little, Loves family life, Few health concerns, Fine with other dogs, Excellent hunting dog, Great for active people, Highly tolerant of cold weather, Easy to train for the right person","Slovak Rough Haired Pointer information, facts, and high-quality breed pictures. Learn everything about the Slovak Rough Haired Pointer dog breed including temperament, care, and more.","The Slovak Rough-haired Pointer is a strikingly beautiful big gundog whose breed was established in the 1950s by Koloman Slimak. It took a few decades to get the breed recognized by the Fédération Cynologique Internationale (FCI), and its introduction during a 2007 Crufts dog show has helped immensely afterward. There has been a lot of confusion with the dog's name, however, and until 1975, a mistranslation had the dog identified as a Rough Haired Weimaraner. The Slovak Rough-haired Pointer is a hunting dog that is very..."
Small Munsterlander,Gundog,,,,13 - 14 yrs.,20 - 22 in.,35 - 60 lbs,95,95,95,95,83,67,100,100,100,50,75,95,60,80,70,20,80,80,42,90,"Courageous, Love to swim, Fast runners, Great with kids, Very intelligent, Highly versatile, Remarkably loyal, Extremely devoted, Strong pack instincts, Little-to-no doggy odor, Few genetic health concerns, Supremely gifted hunting dog, Perfect for very active lifestyles, Easily trainable with the right person","Munsterlander information, facts, and high-quality breed pictures. Learn everything about the Munsterlander dog breed including temperament, care, and more.","The Small Munsterlander is a superior hunting breed. These dogs are rarely seen outside Germany. There are said to be only about 2,000 in the United States and even fewer in the United Kingdom. The FCI formally recognized the breed in 1955, and the dog is in the AKC's Foundation Stock Service. The Small Munsterlander is a highly skilled hunting dog. They are not recommended for first-time dog owners. They are great for experienced hunting dog owners, families with kids and other dogs, and homes where they have a purpose..."
Soft Coated Wheaten Terrier,Gundog,,,,12 - 15 yrs.,17 - 20 in.,35 - 45 lbs,95,95,95,90,96,100,33,50,85,25,50,80,20,95,40,95,40,40,84,70,"Intelligent, Fairly low-maintenance, Good with children, Extremely alert and enthusiastic, Great watchdog abilities, Socializes well with other dogs, Adapts well to a variety of living situations, Good for first-time owners, Fairly healthy overall, Sheds very little","Everything about the Soft Coated Wheaten Terrier dog breed. Discover Soft Coated Wheaten Terrier coloring, sizing, traits, lifespan, and compare Soft Coated Wheaten Terriers to other dog breeds","The Soft Coated Wheaten Terrier was originally bred for herding and guarding livestock in addition to hunting vermin. However, this breed with its happy attitude and sweet nature also makes an outstanding companion. The Wheaten gets along great with children and makes a perfect watch dog due to its alert demeanor and protectiveness over those closest to it. If integrated into social interactions as puppies they will behave gracefully among other pets. Because this dog is protective and closely devoted to their families ..."
Spaniel (American Cocker),Gundog,,,,12 - 15 yrs.,14 - 15 in.,24 - 28 lbs,80,95,60,80,66,33,33,38,80,50,75,95,10,80,50,95,20,20,63,70,,"Everything about the Cocker Spaniel dog breed. Discover Cocker Spaniel coloring, sizing, traits, lifespan, and compare Cocker Spaniels to other dog breeds.","Cocker spaniels are intelligent, loving, trusting dogs. They have a strong desire to please and are excellent with children and other pets. The breed enjoys playing, but since they are a sporting breed they retain strong hunting instincts and will go after any bird, squirrel, or other small animal they see in the yard. In fact, the breed was named after their excellence at hunting the woodcock bird. Fully grown the cocker spaniel stands 15 inches tall and weighs 24-28 pounds which makes them the smallest breed in the sp..."
Spaniel (American Water),Gundog,,,,10 - 12 yrs.,15 - 18 in.,30 - 45 lbs,80,95,90,40,66,50,50,50,60,38,88,80,60,95,60,40,20,20,42,80,"Epilepsy, Allergies, Cataracts, Distichiasis, Hip dysplasia, Heart disease, Hypothyroidism, Retinal Dysplasia, Mitral Valve Disease, Lenticular Opacities, Degenerative Myelopathy, Progressive Retinal Atrophy (PRA), Pattern Baldness (Saddle Alopecia), Growth Hormone-Responsive Dermatitis","American Water Spaniel information, facts, and high-quality breed pictures. Learn everything about the American Water Spaniel dog breed including temperament, care, and more.","When it comes to the American Water Spaniel (AWS), it might be difficult to get past the unique look of this extraordinary dog. While she may look like a Poodle mixed with a Spaniel, what with the curly coat and the massive ears, she is indeed a purebred dog. It's unknown just how this breed was developed, and these dogs are extremely rare. Named the official state dog of Wisconsin in 1985, the AWS is a highly desirable gun dog that nevertheless remains somewhat of a curiosity. The American Water Spaniel is a bonafide h..."
Spaniel (Clumber),Gundog,,,,10 - 12 yrs.,17 - 20 in.,70 - 85 lbs,80,95,60,80,66,50,33,50,40,75,0,80,30,95,10,95,40,40,100,70,"Eye problems such as entropion and ectropion affect the eye lids. Cataracts and Progressive Retinal Atrophy (PRA) are also seen occasionally., Ear infections are common for this breed., Joint issues such as hip dysplasia, intervertebral disc disease, and Spaniel elbow are also common. Eosinophilic panosteitis is also seen somewhat often and results in inability of a puppy to move by itself-- it manifests during months 6-12 but goes away on its own after the bones are fully formed., Hypothyroidism is another health concern. This is diagnosed via blood test.","Clumber Spaniel information, facts, and high-quality breed pictures. Learn everything about the Clumber Spaniel dog breed including temperament, care, and more.",The Clumber Spaniel is a dog whose background is not fully known. It's thought the breed comes from Alpine Spaniels crossed with Basset Hounds -- this resulting dog being later crossed with Bernese Mountain Dogs . This unique combination produces a hunting companion with both Hound and Spaniel skills. It's no secret the breed was prized as a royal hunting dog; the current theory of the Clumber's history is that a French nobleman smuggled some out of France during the French Revolution. The Duke of Newcastle ended up wit...
Spaniel (Cocker),Gundog,,,,12 - 15 yrs.,14 - 15 in.,24 - 28 lbs,80,95,60,80,66,33,33,38,80,50,75,95,10,80,50,95,20,20,63,70,,"Everything about the Cocker Spaniel dog breed. Discover Cocker Spaniel coloring, sizing, traits, lifespan, and compare Cocker Spaniels to other dog breeds.","Cocker spaniels are intelligent, loving, trusting dogs. They have a strong desire to please and are excellent with children and other pets. The breed enjoys playing, but since they are a sporting breed they retain strong hunting instincts and will go after any bird, squirrel, or other small animal they see in the yard. In fact, the breed was named after their excellence at hunting the woodcock bird. Fully grown the cocker spaniel stands 15 inches tall and weighs 24-28 pounds which makes them the smallest breed in the sp..."
Spaniel (English Springer),Gundog,,,,9 - 15 yrs.,18 - 22 in.,45 - 55 lbs,95,95,95,95,83,67,50,63,60,50,75,95,30,95,40,20,20,20,63,90,,"Everything about the English Springer Spaniel dog breed. Discover English Springer Spaniel coloring, sizing, traits, lifespan, and more.",It is not uncommon for working English Springer Spaniels to have a slightly different physical appearance than show English Springer Spaniels. This is due to the breed being segregated for several decades. The English Springer Spaniel is a medium sized dog. Adults generally stand 18-22 inches tall (from ground to shoulder) and weigh around 50 pounds. Their size makes them ideal for transportation and living in smaller homes (as long as they get adequate exercise).
Spaniel (Field),Gundog,,,,12 - 13 yrs.,17 - 18 in.,45 - 50 lbs,95,95,95,80,83,67,50,63,60,50,50,95,40,95,60,20,20,20,63,80,"Hip dysplasia is ones of the most common issues for these dogs., Hypothyroidism is another common condition that may manifest as an autoimmune form of thyroid disease., Eye problems such as retinal fold and eyelid disorders, entropion and ectropion, are also seen relatively often., Heart defects are sometimes seen in the breed and can be inherited or unrelated to genes., Epilepsy is not common but has been observed in Field Spaniels.","Field Spaniel information, facts, and high-quality breed pictures. Learn everything about the Field Spaniel dog breed including temperament, care, and more.","The Field Spaniel is English in origin and is a rare breed, in fact, all Fieldies can trace their lineage back to four dogs from England that saved the breed from extinction during the 1950's-1960's. What caused such a trainable, talented and sweet breed to teeter on the verge of collapse? Unfortunately it was unsound breeding practices. They were, like all Spaniels, hunting dogs and considered in the group termed ""land spaniels"" but with the emergence of dog shows breeders had began to try to tease out a breed with eye..."
Spaniel (Irish Water),Gundog,,,,10 - 12 yrs.,20 - 24 in.,50 - 65 lbs,95,95,95,80,96,33,67,88,40,13,50,95,80,80,70,60,60,60,42,100,,"Irish Water Spaniel information, facts, and high-quality breed pictures. Learn everything about the Irish Water Spaniel dog breed including temperament, care, and more.","Irish Water Spaniels are highly intelligent, playful dogs. They have a strong desire to please and can be excellent with children and other pets. This breed has high exercise needs and loves to play. Because of that coat, the Irish water Spaniel is high maintenance in the grooming department. Since they are a sporting breed they may retain strong hunting instincts. Generally healthy dogs, the Water Spaniel should live 10-12 years."
Spaniel (Sussex),Gundog,,,,11 - 14 yrs.,13 - 15 in.,35 - 45 lbs,,,,,,67,0,38,,63,75,,30,,30,,,,,80,,"Everything about the Sussex Spaniel dog breed. Discover Sussex Spaniel coloring, sizing, traits, lifespan, and compare Sussex Spaniels to other dog breeds.","The breed doesn't need too much maintenance, but will require training (which can be difficult) and socialization starting in puppyhood. The Sussex Spaniel ranks 180th on the American Kennel Club's list of 195 recognized breeds. A member of the Sporting group, the Sussex Spaniel was developed in late 19th-century England to flush birds for hunters. As such, these dogs are good hunting companions--but they make great family pets too, and are best with owners who can make sure they get some daily exercise."
Spaniel (Welsh Springer),Gundog,,,,12 - 15 yrs.,17 - 19 in.,35 - 45 lbs,80,95,95,80,66,100,67,75,80,50,75,95,40,80,70,80,20,20,84,90,"Very playful, Medium-sized, Unique-looking, Highly versatile, Few health problems, Extremely intelligent, Brilliant hunting dog, Gets along with other dogs, Perfect for active lifestyles, Loves to swim and play in water","Welsh Springer Spaniel information, facts, and high-quality breed pictures. Learn everything about the Welsh Springer Spaniel dog breed including temperament, care, and more.","The Welsh Springer Spaniel is a breed that is said to have origins that may be 7,000 years old. This dog has been written about regarding its coat as long ago as the 16th century, and it has been known by a number of names including Welsh Cocker Spaniel. They are excellent gundogs whose many talents for all aspects of hunting makes them highly prized among hunters. They are rather rare, however, but have been recognized by a number of kennel clubs such as The Kennel Club, the UKC, and the AKC. The Welsh Springer Spaniel..."
Spanish Water Dog,Gundog,,,,10 - 14 yrs.,16 - 20 in.,40 - 50 lbs,80,80,60,60,48,100,67,88,40,0,63,95,80,80,90,40,20,20,84,70,,"Spanish Water Dog information, facts, and high-quality breed pictures. Learn everything about the Spanish Water Dog dog breed including temperament, care, and more.","A medium-sized breed. Weight for males is 40-50 pounds, and 30-40 pounds for females; height at the shoulders is 17-20 inches for males, 16-18 inches for females. A SWD is true to its working-class roots, in that it is focused, intelligent, and at times domineering. A well-trained SWD is great to its family (though probably not to anyone else), but because of its powerful herding instinct, may try to control children and other pets. These dogs are recommended only for experienced dog owners."
St. Bernard,Working,,,,8 - 10 yrs.,25½ - 27½ in.,110 - 200 lbs,95,95,95,95,96,67,0,38,40,50,38,40,30,80,30,60,20,20,42,70,"Lovable enough, Easy to housebreak, Laid-back personality, Doesn't need much exercise, Doesn't require a lot of space, Will be happy to hang out with you all day","Everything about the Saint Bernard dog breed. Discover Saint Bernard coloring, sizing, traits, lifespan, and compare Saint Bernards to other dog breeds.","Despite the breed's giant size, they prefer being indoors with their family. This can be a love hate relationship as Saint Bernards are very friendly, easy going, and are generally happy to lie down and sleep while their family does their thing. However, the breed is known for their lack of cleanliness as they shed, drool heavily, and oftentimes track dirt and mud. The Saint Bernard is in the Working Dog Group as classified by the American Kennel Club (AKC). These days, however, they don't do nearly as much work as they..."
Staffordshire Bull Terrier,Terrier,,,,12 - 14 yrs.,13 - 16 in.,25 - 38 lbs,80,95,95,20,96,100,100,100,60,50,50,40,20,95,20,60,40,40,21,80,"Extremely affectionate, Very loyal and protective, especially with kids, Fairly easily trained, Low grooming requirements, Playful and personable, Fairly intelligent, Normally amicable to strangers, Incredibly athletic and well-built","Staffordshire Bull Terrier information, facts, and high-quality breed pictures. Learn everything about the Staffordshire Bull Terrier dog breed including temperament, care, and more.","Due to their dog-fighting history from the 19th century, Staffies (as they are affectionately known) were ostracized early on by established kennel clubs but were loved by their breeders — who kept copious notes and created a concise history prior to the breed finally being formally accepted by clubs in the 20th century. While they make great family pets and absolutely adore children (they are sometimes called the ""nanny dog""), Staffordshire Bull Terriers are not for everyone: if you are not already experienced with dog..."
Swedish Lapphund,Pastoral,,,,12 - 14 yrs.,16 - 20 in.,35 - 55 lbs,88,91,86,98,76,83,67,75,50,50,75,78,80,83,20,31,25,30,67,80,,"Everything about the Swedish Lapphund dog breed. Discover Swedish Lapphund coloring, sizing, traits, lifespan, and more.","Effi visit Patrick Standberg CC BY-SA Dog Breeds Swedish Lapphund Swedish Lapphund Dog Breed Other names: Svensk Lapphund The Swedish Lapphund is a medium-small sized Spitz-type dog. These dogs are versatile, and have served as hunting dogs, guard dogs, and herders in their long and storied history. Working in the Scandinavian tundra forged these dogs into a very strong and resilient breed. The Swedish Lapphund is renowned for its stamina, agility, intelligence and independence. Their weatherproof coat is easy to mainta..."
Swedish Vallhund,Pastoral,,,,12 - 15 yrs.,12 - 16 in.,25 - 35 lbs,80,95,80,60,96,83,50,50,80,38,75,95,80,95,80,60,60,60,21,70,"Very curious, Even-tempered, Superb watchdogs, Great agility dog, Highly intelligent, Extremely protective, Very strong and powerful, Lives well with other pets, Can be wonderful with kids, Superb for very active people","Swedish Vallhund information, facts, and high-quality breed pictures. Learn everything about the Swedish Vallhund dog breed including temperament, care, and more.","This short-legged, long-bodied herding dog has been around for a very long time. The Swedish Vallhund is not readily found outside its native country. This breed tends to be highly appreciated in Australia, however, for the dog's power, versatility, and adaptability suits the needs of cattle ranchers there. They are very vocal dogs who nip at the heels of the animals they herd, and their complex language is called ""argle bargle."" They were formally recognized by the American Kennel Club (AKC) in 2007. The Swedish Vallhu..."
Tibetan Mastiff,Working,,,,10 - 14 yrs.,24 - 26 in.,120 - 170 lbs,80,95,90,95,48,67,33,50,60,25,75,15,100,95,100,15,20,20,16,90,,"Everything about the Tibetan Mastiff dog breed. Discover Tibetan Mastiff coloring, sizing, traits, lifespan, and compare Tibetan Mastiffs to other dog breeds.","Due to the breed's protective instinct, they can be a challenge for many families. They are not familiar with children, are wary of strangers, and can easily become territorial. Because of these potential issues the Tibetan mastiff is often not recommended for new dog owners. The Tibetan mastiff is considered a large to giant sized dog breed (and can often appear much larger due to their fluffy coat). While their size helps keep away intruders, it can be a bit to manage for small-framed owners, especially considering th..."
Tibetan Spaniel,Utility,,,,12 - 15 yrs.,8 - 10 in.,9 - 15 lbs,80,95,95,80,66,50,33,50,90,63,75,80,30,80,40,95,20,20,84,60,"Very playful, Great watchdogs, Calm personality, Popular in Europe, Low exercise needs, Loves to be carried, Gets along with other pets, Will snuggle at every chance","Tibetan Spaniel information, facts, and high-quality breed pictures. Learn everything about the Tibetan Spaniel dog breed including temperament, care, and more.","The Tibetan Spaniel is an ancient breed that comes from Tibet but is not a Spaniel. They were long ago developed to be watchdogs that were trained to sit atop monastery walls as lookouts and to be companions otherwise. This breed was accepted by the Fédération Cynologique Internationale (FCI) in 1961. The American Kennel Club (AKC) formally recognized the breed in 1983, and in 1992, the United Kennel Club did too. The Tibetan Spaniel is categorized by the AKC in the Non-Sporting Dog Group. These small dogs are perfect a..."
Tibetan Terrier,Utility,,,,12 - 15 yrs.,14 - 16 in.,20 - 24 lbs,80,95,95,80,66,33,67,63,100,100,88,50,20,95,70,95,20,20,63,70,"Extremely versatile with living environments, Very affectionate, Good watchdog skills, Socialize well with children and other pets, Fairly suitable for first-time owners, Extremely healthy, Intelligent and easy to train, Playful and energetic, Relatively long lifespan (12-15 years)","Tibetan Terrier information, facts, and high-quality breed pictures. Learn everything about the Tibetan Terrier dog breed including temperament, care, and more.","The Tibetan Terrier is a medium-sized dog breed with a long-haired coat that is either straight or wavy. Dogs of this breed are affectionate, sensitive, playful, and a bit needy. TTs socialize well with kids and other pets, have moderate to high maintenance needs (including frequent grooming), and are typically suitable for first-time owners. The Tibetan Terrier, despite its name, is not a member of the Terrier group of breeds; dogs of this breed are classified in the Non-Sporting Group. TTs have existed as companion do..."
Turkish Kangal Dog,Pastoral,,,,12 - 15 yrs.,28 - 34 in.,85 - 150 lbs,30,70,65,60,18,100,67,75,50,50,38,85,100,50,70,10,80,60,5,90,"Great with children, if socialized with them, Very rarely feel threatened, Excellent herding abilities, Loyal and affectionate to human family members, Little grooming required, Fantastic guard dog abilities, Relatively long lifespan (12-15 years), Protective, but generally non-aggressive","Kangal Dog information, facts, and high-quality breed pictures. Learn everything about the Kangal Dog dog breed including temperament, care, and more.","The Kangal Dog, part of the Working breed group, has for centuries been utilized as a livestock herder and as a guardian of both animals and property. These massive dogs are good for those needing a dog to serve as a livestock shepherd and/or a watch- or guard dog; while Kangals are very good as family pets, they will need a good bit of socialization and training, and a great deal of space to exercise. Your Kangal Dog will be huge once mature — not big, not large, but huge. While they can be as ""small"" as 85 pounds, the..."
Weimaraner,Gundog,,,,11 - 13 yrs.,23 - 27 in.,55 - 85 lbs,75,85,75,55,66,100,100,100,60,25,50,80,20,98,30,20,15,15,42,90,,"Everything about the Weimaraner dog breed. Discover Weimaraner coloring, sizing, traits, lifespan, and compare Weimaraners to other dog breeds.","Weimaraners are well known for their elegant, short, silvery coats which earned the breed the nickname the ""Silver Ghost"" during hunts. The breed wants nothing more than to be with their owners and family. Despite what you may think, weimaraners are strictly in-house dogs due to their short coat. The weimaraner is a large sized dog breed with males being as large as 27 inches tall (from ground to shoulder) and weighing up to 85 pounds. Their size makes them more appropriate for a house with a small yard than an apartmen..."
Welsh Corgi (Cardigan),Pastoral,,,,12 - 14 yrs.,10 - 12 in.,23 - 30 lbs,80,95,80,60,66,67,67,50,80,50,75,80,10,80,50,80,60,60,84,80,,"Everything about the Cardigan Welsh Corgi dog breed. Discover Cardigan Welsh Corgi coloring, sizing, traits, lifespan, and compare Cardigan Welsh Corgis to other dog breeds.","The Cardigan Welsh Corgi is a medium sized dog breed which was originally bred in Wales for herding purposes. As with most herding breeds, the Cardigan is highly intelligent and hardworking making them very receptive to training. The Cardigan Welsh Corgi is a medium-sized dog that with a length of 10 to 13 inches and a weight that can reach 30 pounds. It is a short dog, with legs much shorter than the rest of its body counterparts. The Cardigan Corgi is slightly larger and heavier-built than the Pembroke Corgi."
Welsh Corgi (Pembroke),Pastoral,,,,12 - 14 yrs.,10 - 12 in.,23 - 30 lbs,80,95,80,60,96,67,67,50,60,50,75,95,10,80,50,80,60,60,84,90,,"Everything about the Pembroke Welsh Corgi breed. Discover Corgi coloring, sizing, traits, lifespan, and compare Corgis to other dog breeds.","Despite their small size, the breed has a lot of energy and will need daily exercise. They are a very vocal breed, which may be an issue for families that share a wall with neighbors (apartments, condos, etc.). Like most breeds, the Pembroke Welsh Corgi needs to be socialized while still a puppy to keep them from becoming shy towards strangers and other animals. The Pembroke Welsh Corgi is a medium sized dog that stands 10-13 inches tall and weighs up to 30 pounds. It's short legs and elongated torso give it a slightly ..."
Welsh Terrier,Terrier,,,,12 - 14 yrs.,14 - 15 in.,20 - 21 lbs,80,80,95,95,83,33,67,50,100,25,25,60,70,95,80,60,40,40,63,80,"Intelligent and alert, Playful and friendly, Low to moderate maintenance needed, Great with kids and strangers, Hypoallergenic, Affectionate and fairly even-tempered, Excellent health, Exceptionally intuitive, Socializes fairly well with other dogs","Welsh Terrier information, facts, and high-quality breed pictures. Learn everything about the Welsh Terrier dog breed including temperament, care, and more.","The Welsh Terrier, a member of the Terrier group of breeds, was developed in Wales in the late nineteenth century to hunt foxes, badgers, and other game. Members of this breed will be good with busy families and singles; since they shed very little, they will be good for allergy sufferers as well. These dogs are also known to be excellent traveling companions. A few Welsh Terrier facts: they're hypoallergenic, medium-sized, and have medium-length coats that are normally black and tan in color. Here are some positive and..."
West Highland White Terrier,Terrier,,,,11 - 16 yrs.,14 - 16 in.,15 - 20 lbs,80,95,80,95,66,100,67,63,60,25,25,80,10,80,30,80,35,35,84,70,,"Everything about the West Highland White Terrier dog breed. Discover West Highland White Terrier coloring, sizing, traits, lifespan, and compare West Highland White Terriers to other dog breeds.","The Westie, as it is affectionately called, is extremely well known and popular in the United States and United Kingdom; it is featured in many TV shows as well as advertising and print such as Cesar's dog food. Since the early 1900's it has been - and remains - one of the top popularity dog breeds in these regions; estimates show Westies have always been in the top third of all breeds in popularity. This is not the lapdog it looks, owners of this breed MUST be capable of handling an energetic dog. They radiate a light ..."
Whippet,Hound,,,,12 - 15 yrs.,18 - 22 in.,20 - 40 lbs,85,95,95,75,79,100,33,63,85,63,13,80,20,90,40,85,40,40,63,60,"Makes an affectionate friend for gentle, well-behaved kids, Affectionate, loving, will want to be with you 24/7, Calm indoors, energetic outdoors, Eye-catching looks, Excels in sight hunting activities, Speedy racing and coursing hound, Great exercise buddy, Lives well with other dogs, Is not aggressive towards strangers, Low maintenance grooming, Fairly healthy and long-lived breed","Whippet information, facts, and high-quality breed pictures. Learn everything about the Whippet dog breed including temperament, care, and more.","The Whippet has earned much acclaim in the hunting, coursing and racing arenas, even earning the nickname ""The Poor man's Racehorse"". Although slightly more active than the greyhound, they are still identified by the characteristic elegant and graceful outline of the sight hound breeds. They make for sensitive, affectionate companions that are so much ""velcro dogs"" that it is a necessity for them to live in doors and spend plenty of time with you (and on you) daily! If you live in a small apartment, are not physically a..."
White Swiss Shepherd Dog,Pastoral,,,,10 - 12 yrs.,22 - 26 in.,77 - 85 lbs,80,95,95,40,83,50,67,75,80,75,75,95,80,95,80,60,40,40,42,90,,"White Shepherd information, facts, and high-quality breed pictures. Learn everything about the White Shepherd dog breed including temperament, care, and more.","White Shepherds make great family pets and excellent watch dogs. They love to run and play — especially with children! — and they will never tire of your attention. They don't make good guard dogs, however, as they do have a notably calmer demeanor than German Shepherds. This breed is not the ideal apartment dog; they need 1-2 hours of outdoor playtime daily. These dogs will shed all year around but regular brushings should help keep the mess in check. Overall healthy dogs, they should live around 12 years. White Shephe..."
Xoloitzcuintle (Mex Hairless) Int,Utility,,,,12 - 15 yrs.,9 - 30 in.,5 - 40 lbs,60,95,60,40,31,100,50,63,100,13,75,60,60,60,70,95,20,20,21,70,"Very clean, Easy to train, Highly athletic, Keen to learn new tricks, No shedding with hairless type, Coated variety sheds very little, Can get along great with other dogs, Hairless variety is wonderfully warm to the touch","Xoloitzcuintle information, facts, and high-quality breed pictures. Learn everything about the Xoloitzcuintle dog breed including temperament, care, and more.","Originally known as the Mexican Hairless Dog, the Xoloitzcuintle is a rare breed that is not always hairless. They are small, athletic companion dogs that are native to Mexico. The Xoloitzcuintli pronunciation is admittedly difficult, and many call the dog ""Xolo"" for short. This ancient breed remains in the midst of a small but dedicated revival. There are fewer than 1,000 of the dogs in the United States, and only about 30,000 worldwide. The Xoloitzcuintle's name is a mouthful, but these basically small dogs are great ..."
Xoloitzcuintle (Mex Hairless) Min,Utility,,,,12 - 15 yrs.,9 - 30 in.,5 - 40 lbs,60,95,60,40,31,100,50,63,100,13,75,60,60,60,70,95,20,20,21,70,"Very clean, Easy to train, Highly athletic, Keen to learn new tricks, No shedding with hairless type, Coated variety sheds very little, Can get along great with other dogs, Hairless variety is wonderfully warm to the touch","Xoloitzcuintle information, facts, and high-quality breed pictures. Learn everything about the Xoloitzcuintle dog breed including temperament, care, and more.","Originally known as the Mexican Hairless Dog, the Xoloitzcuintle is a rare breed that is not always hairless. They are small, athletic companion dogs that are native to Mexico. The Xoloitzcuintli pronunciation is admittedly difficult, and many call the dog ""Xolo"" for short. This ancient breed remains in the midst of a small but dedicated revival. There are fewer than 1,000 of the dogs in the United States, and only about 30,000 worldwide. The Xoloitzcuintle's name is a mouthful, but these basically small dogs are great ..."
Xoloitzcuintle (Mex Hairless) Std,Utility,,,,12 - 15 yrs.,9 - 30 in.,5 - 40 lbs,60,95,60,40,31,100,50,63,100,13,75,60,60,60,70,95,20,20,21,70,"Very clean, Easy to train, Highly athletic, Keen to learn new tricks, No shedding with hairless type, Coated variety sheds very little, Can get along great with other dogs, Hairless variety is wonderfully warm to the touch","Xoloitzcuintle information, facts, and high-quality breed pictures. Learn everything about the Xoloitzcuintle dog breed including temperament, care, and more.","Originally known as the Mexican Hairless Dog, the Xoloitzcuintle is a rare breed that is not always hairless. They are small, athletic companion dogs that are native to Mexico. The Xoloitzcuintli pronunciation is admittedly difficult, and many call the dog ""Xolo"" for short. This ancient breed remains in the midst of a small but dedicated revival. There are fewer than 1,000 of the dogs in the United States, and only about 30,000 worldwide. The Xoloitzcuintle's name is a mouthful, but these basically small dogs are great ..."
Yorkshire Terrier,Toy,,,,12 - 15 yrs.,8 - 9 in.,4 - 7 lbs,60,80,40,60,48,33,33,25,80,25,63,60,10,95,60,95,40,40,84,60,,"Everything about the Yorkshire Terrier dog breed. Discover Yorkie coloring, sizing, traits, lifespan, and compare Yorkies to other dog breeds.","Yorkies are intelligent and easy to train dogs, however they can be easy to spoil so it's recommended to set limits when giving treats. The breed makes an excellent companion dog and can suffer from separation anxiety if left home alone for long periods of time. The yorkshire terrier is one of the most popular toy dog breeds and since many people desire the smallest yorkies it's not uncommon for the breed to be as small a four pounds. Generally the breed is 8-10 inches tall and weighs less than seven pounds."
